corpus_name;sentence_position;word_position;value;postag_name;confidence_score
Hoflieferant_p53;1;1;Brüchsch;VERB;100
Hoflieferant_p53;1;2;kenn;DET;100
Hoflieferant_p53;1;3;Angscht;NOUN;100
Hoflieferant_p53;1;4;ze;ADP;100
Hoflieferant_p53;1;5;han;VERB;100
Hoflieferant_p53;1;6;for;ADP;100
Hoflieferant_p53;1;7;mich;PRON;100
Hoflieferant_p53;1;8;,;PUNCT;100
Hoflieferant_p53;1;9;papa;NOUN;100
Hoflieferant_p53;1;10;.;PUNCT;100
Hoflieferant_p53;2;1;Ich;PRON;100
Hoflieferant_p53;2;2;hab;VERB;100
Hoflieferant_p53;2;3;eini;PRON;100
Hoflieferant_p53;2;4;im;ADP;100
Hoflieferant_p53;2;5;Au;NOUN;100
Hoflieferant_p53;2;6;,;PUNCT;100
Hoflieferant_p53;2;7;wie;PRON;100
Hoflieferant_p53;2;8;sowohl;SCONJ;100
Hoflieferant_p53;2;9;vum;ADP;100
Hoflieferant_p53;2;10;wisseschaftliche;ADJ;100
Hoflieferant_p53;2;11;,;PUNCT;100
Hoflieferant_p53;2;12;als;SCONJ;100
Hoflieferant_p53;2;13;au;ADV;100
Hoflieferant_p53;2;14;vum;ADP;100
Hoflieferant_p53;2;15;praktische;ADJ;100
Hoflieferant_p53;2;16;unn;CONJ;100
Hoflieferant_p53;2;17;vum;ADP;100
Hoflieferant_p53;2;18;menschliche;ADJ;100
Hoflieferant_p53;2;19;Standpunkt;NOUN;100
Hoflieferant_p53;2;20;üs;ADP;100
Hoflieferant_p53;2;21;mine-n-;DET;100
Hoflieferant_p53;2;22;Anforderunge;NOUN;100
Hoflieferant_p53;2;23;entschpricht;VERB;100
Hoflieferant_p53;2;24;.;PUNCT;100
Hoflieferant_p53;3;1;Unn;CONJ;100
Hoflieferant_p53;3;2;ich;PRON;100
Hoflieferant_p53;3;3;hab;AUX;100
Hoflieferant_p53;3;4;hytt;ADV;100
Hoflieferant_p53;3;5;de-n-;DET;100
Hoflieferant_p53;3;6;Entschluss;NOUN;100
Hoflieferant_p53;3;7;gfasst;VERB;100
Hoflieferant_p53;3;8;,;PUNCT;100
Hoflieferant_p53;3;9;nur;ADV;100
Hoflieferant_p53;3;10;die;DET;100
Hoflieferant_p53;3;11;Frau;NOUN;100
Hoflieferant_p53;3;12;ze;ADP;100
Hoflieferant_p53;3;13;hierothe;VERB;100
Hoflieferant_p53;3;14;,;PUNCT;100
Hoflieferant_p53;3;15;wie;PRON;100
Hoflieferant_p53;3;16;mir;PRON;100
Hoflieferant_p53;3;17;passt;VERB;100
Hoflieferant_p53;3;18;.;PUNCT;100
Hoflieferant_p53;4;1;Bravo;INTJ;100
Hoflieferant_p53;4;2;,;PUNCT;100
Hoflieferant_p53;4;3;Auguste;PROPN;100
Hoflieferant_p53;4;4;,;PUNCT;100
Hoflieferant_p53;4;5;ganz;ADV;100
Hoflieferant_p53;4;6;vun;ADP;100
Hoflieferant_p53;4;7;minere;DET;100
Hoflieferant_p53;4;8;Meinung;NOUN;100
Hoflieferant_p53;4;9;!;PUNCT;100
Hoflieferant_p53;5;1;Dini;DET;100
Hoflieferant_p53;5;2;Aprobation;NOUN;100
Hoflieferant_p53;5;3;brücht;VERB;100
Hoflieferant_p53;5;4;'r;PRON;100
Hoflieferant_p53;5;5;allewäj;ADV;100
Hoflieferant_p53;5;6;!;PUNCT;100
Hoflieferant_p53;6;1;Ich;PRON;100
Hoflieferant_p53;6;2;mach;VERB;100
Hoflieferant_p53;6;3;'s;PRON;100
Hoflieferant_p53;6;4;également;ADV;100
Hoflieferant_p53;6;5;eso;CONJ;100
Hoflieferant_p53;6;6;.;PUNCT;100
Hoflieferant_p53;7;1;Bravo;INTJ;100
Hoflieferant_p53;7;2;!;PUNCT;100
Hoflieferant_p53;8;1;Alls;ADV;100
Hoflieferant_p53;8;2;besser;ADJ;100
Hoflieferant_p53;8;3;!;PUNCT;100
Hoflieferant_p53;9;1;Eh;X;100
Hoflieferant_p53;9;2;bien;X;100
Hoflieferant_p53;9;3;,;PUNCT;100
Hoflieferant_p53;9;4;ich;PRON;100
Hoflieferant_p53;9;5;garantier;VERB;100
Hoflieferant_p53;9;6;Ejch;PRON;100
Hoflieferant_p53;9;7;,;PUNCT;100
Hoflieferant_p53;9;8;dass;SCONJ;100
Hoflieferant_p53;9;9;Ihr;PRON;100
Hoflieferant_p53;9;10;mine;DET;100
Hoflieferant_p53;9;11;Wille;NOUN;100
Hoflieferant_p53;9;12;reschpektiere;VERB;100
Hoflieferant_p53;9;13;wäre;AUX;100
Hoflieferant_p53;9;14;!;PUNCT;100
Hoflieferant_p53;10;1;Du;PRON;100
Hoflieferant_p53;10;2;,;PUNCT;100
Hoflieferant_p53;10;3;Auguste;PROPN;100
Hoflieferant_p53;10;4;,;PUNCT;100
Hoflieferant_p53;10;5;hierotsch;VERB;100
Hoflieferant_p53;10;6;d';DET;100
Hoflieferant_p53;10;7;mademoiselle;NOUN;100
Hoflieferant_p53;10;8;Riemer;PROPN;100
Hoflieferant_p53;10;9;.;PUNCT;100
Hoflieferant_p53;11;1;Papa;NOUN;100
Hoflieferant_p53;11;2;niemols;ADV;100
Hoflieferant_p53;11;3;!;PUNCT;100
Hoflieferant_p53;12;1;Unn;CONJ;100
Hoflieferant_p53;12;2;wenn;SCONJ;100
Hoflieferant_p53;12;3;du;PRON;100
Hoflieferant_p53;12;4;bis;ADP;100
Hoflieferant_p53;12;5;an;ADP;100
Hoflieferant_p53;12;6;de;DET;100
Hoflieferant_p53;12;7;plafond;NOUN;100
Hoflieferant_p53;12;8;springsch;VERB;100
Hoflieferant_p53;12;9;!;PUNCT;100
Hoflieferant_p53;13;1;Fallt;VERB;100
Hoflieferant_p53;13;2;m'r;PRON;100
Hoflieferant_p53;13;3;nit;PART;100
Hoflieferant_p53;13;4;in;ADP;100
Hoflieferant_p53;13;5;so;ADV;100
Hoflieferant_p53;13;6;hoch;ADJ;100
Hoflieferant_p53;13;7;ze;ADP;100
Hoflieferant_p53;13;8;springe;VERB;100
Hoflieferant_p53;13;9;!;PUNCT;100
Hoflieferant_p53;14;1;Geh;VERB;100
Hoflieferant_p53;14;2;e;DET;100
Hoflieferant_p53;14;3;Gottsnamme;NOUN;100
Hoflieferant_p53;14;4;im;ADP;100
Hoflieferant_p53;14;5;Deifel;NOUN;100
Hoflieferant_p53;14;6;zue;ADP;100
Hoflieferant_p53;14;7;,;PUNCT;100
Hoflieferant_p53;14;8;no;ADV;100
Hoflieferant_p53;14;9;rennsch;VERB;100
Hoflieferant_p53;14;10;au;ADV;100
Hoflieferant_p53;14;11;kein;DET;100
Hoflieferant_p53;14;12;Heiliger;NOUN;100
Hoflieferant_p53;14;13;um;ADP;100
Hoflieferant_p53;14;14;!;PUNCT;100
Hoflieferant_p53;15;1;Awwer;CONJ;100
Hoflieferant_p53;15;2;,;PUNCT;100
Hoflieferant_p53;15;3;papa;NOUN;100
Hoflieferant_p53;15;4;!;PUNCT;100
Hoflieferant_p53;16;1;Toi;X;100
Hoflieferant_p53;16;2;,;PUNCT;100
Hoflieferant_p53;16;3;tais-toi;X;100
Hoflieferant_p53;16;4;!;PUNCT;100
Hoflieferant_p53;17;1;Unn;CONJ;100
Hoflieferant_p53;17;2;du;PRON;100
Hoflieferant_p53;17;3;hierothsch;VERB;100
Hoflieferant_p53;17;4;de;DET;100
Hoflieferant_p53;17;5;Baron;PROPN;100
Hoflieferant_p53;17;6;de;PROPN;100
Hoflieferant_p53;17;7;Rose;PROPN;100
Hoflieferant_p53;17;8;,;PUNCT;100
Hoflieferant_p53;17;9;wie;PRON;100
Hoflieferant_p53;17;10;am;ADP;100
Hoflieferant_p53;17;11;Sundaa;NOUN;100
Hoflieferant_p53;17;12;uff;ADV;100
Hoflieferant_p53;17;13;Visit;NOUN;100
Hoflieferant_p53;17;14;kummt;VERB;100
Hoflieferant_p53;17;15;.;PUNCT;100
Hoflieferant_p53;18;1;Niemols;ADV;100
Hoflieferant_p53;18;2;,;PUNCT;100
Hoflieferant_p53;18;3;Babbe;NOUN;100
Hoflieferant_p53;18;4;!;PUNCT;100
Hoflieferant_p53;19;1;Niemols;ADV;100
Hoflieferant_p53;19;2;!;PUNCT;100
Hoflieferant_p53;20;1;So;ADV;100
Hoflieferant_p53;20;2;?;PUNCT;100
Hoflieferant_p53;21;1;Eh;X;100
Hoflieferant_p53;21;2;bien;X;100
Hoflieferant_p53;21;3;,;PUNCT;100
Hoflieferant_p53;21;4;ich;PRON;100
Hoflieferant_p53;21;5;will;VERB;100
Hoflieferant_p53;21;6;sehn;VERB;100
Hoflieferant_p53;21;7;,;PUNCT;100
Hoflieferant_p53;21;8;wer;PRON;100
Hoflieferant_p53;21;9;Herr;NOUN;100
Hoflieferant_p53;21;10;im;ADP;100
Hoflieferant_p53;21;11;Hüs;NOUN;100
Hoflieferant_p53;21;12;isch;VERB;100
Hoflieferant_p53;21;13;,;PUNCT;100
Hoflieferant_p53;21;14;ich;PRON;100
Hoflieferant_p53;21;15;odder;CONJ;100
Hoflieferant_p53;21;16;Ihr;PRON;100
Hoflieferant_p53;21;17;!;PUNCT;100
Hoflieferant_p53;22;1;O;INTJ;100
Hoflieferant_p53;22;2;,;PUNCT;100
Hoflieferant_p53;22;3;wie;CONJ;100
Hoflieferant_p53;22;4;bin;VERB;100
Hoflieferant_p53;22;5;ich;PRON;100
Hoflieferant_p53;22;6;unglüecklich;ADJ;100
Hoflieferant_p53;22;7;!;PUNCT;100
Hoflieferant_p53;23;1;Charles;PROPN;100
Hoflieferant_p53;23;2;,;PUNCT;100
Hoflieferant_p53;23;3;wenn;SCONJ;100
Hoflieferant_p53;23;4;du;PRON;100
Hoflieferant_p53;23;5;wüescht;VERB;100
Hoflieferant_p53;23;6;,;PUNCT;100
Hoflieferant_p53;23;7;wie;SCONJ;100
Hoflieferant_p53;23;8;ich;PRON;100
Hoflieferant_p53;23;9;dich;PRON;100
Hoflieferant_p53;23;10;gern;ADJ;100
Hoflieferant_p53;23;11;hab;VERB;100
Hoflieferant_p53;23;12;!;PUNCT;100
Hoflieferant_p53;24;1;Lisa;PROPN;100
Hoflieferant_p53;24;2;!;PUNCT;100
Hoflieferant_p53;25;1;Charles;PROPN;100
Hoflieferant_p53;25;2;,;PUNCT;100
Hoflieferant_p53;25;3;ich;PRON;100
Hoflieferant_p53;25;4;hab;AUX;100
Hoflieferant_p53;25;5;dich;PRON;100
Hoflieferant_p53;25;6;gar;ADV;100
Hoflieferant_p53;25;7;nit;PART;100
Hoflieferant_p53;25;8;erüs;ADV;100
Hoflieferant_p53;25;9;höre;VERB;100
Hoflieferant_p53;25;10;kumme;VERB;100
Hoflieferant_p53;25;11;.;PUNCT;100
Hoflieferant_p53;26;1;Du;PRON;100
Hoflieferant_p53;26;2;hesch;AUX;100
Hoflieferant_p53;26;3;doch;CONJ;100
Hoflieferant_p53;26;4;nit;PART;100
Hoflieferant_p53;26;5;ghört;VERB;100
Hoflieferant_p53;26;6;,;PUNCT;100
Hoflieferant_p53;26;7;was;PRON;100
Hoflieferant_p53;26;8;ich;PRON;100
Hoflieferant_p53;26;9;ewe;ADV;100
Hoflieferant_p53;26;10;do;ADV;100
Hoflieferant_p53;26;11;for;ADP;100
Hoflieferant_p53;26;12;mich;PRON;100
Hoflieferant_p53;26;13;gsaat;VERB;100
Hoflieferant_p53;26;14;hab;AUX;100
Hoflieferant_p53;26;15;?;PUNCT;100
recettes;1;1;D';DET;100
recettes;1;2;grìene;ADJ;100
recettes;1;3;Lìnse;NOUN;100
recettes;1;4;12;NUM;100
recettes;1;5;Stùnde;NOUN;100
recettes;1;6;làng;ADV;100
recettes;1;7;inweiche;VERB;100
recettes;1;8;lon;VERB;100
recettes;1;9;.;PUNCT;100
recettes;2;1;'s;DET;100
recettes;2;2;Gemìes;NOUN;100
recettes;2;3;ìn;ADP;100
recettes;2;4;kleini;ADJ;100
recettes;2;5;Vìereck;NOUN;100
recettes;2;6;odder;CONJ;100
recettes;2;7;Drejeck;NOUN;100
recettes;2;8;schniide;VERB;100
recettes;2;9;.;PUNCT;100
recettes;3;1;Sie;PRON;100
recettes;3;2;ìm;ADP;100
recettes;3;3;Bùtter;NOUN;100
recettes;3;4;schwìtze;VERB;100
recettes;3;5;lon;VERB;100
recettes;3;6;,;PUNCT;100
recettes;3;7;dànn;ADV;100
recettes;3;8;d';DET;100
recettes;3;9;Lìnse;NOUN;100
recettes;3;10;dezügenn;VERB;100
recettes;3;11;.;PUNCT;100
recettes;4;1;Ànderthàlb;NUM;100
recettes;4;2;sovìel;ADV;100
recettes;4;3;Wàsser;NOUN;100
recettes;4;4;dezüschìtte;VERB;100
recettes;4;5;ùn;CONJ;100
recettes;4;6;e;DET;100
recettes;4;7;Stùnd;NOUN;100
recettes;4;8;làng;ADV;100
recettes;4;9;kechle;VERB;100
recettes;4;10;lon;VERB;100
recettes;4;11;.;PUNCT;100
recettes;5;1;De;DET;100
recettes;5;2;Làchs;NOUN;100
recettes;5;3;rìschte;VERB;100
recettes;5;4;ùn;CONJ;100
recettes;5;5;e;DET;100
recettes;5;6;Träschel;NOUN;100
recettes;5;7;geraicherter;ADJ;100
recettes;5;8;Speck;NOUN;100
recettes;5;9;ùm;ADP;100
recettes;5;10;jedes;DET;100
recettes;5;11;Filee;NOUN;100
recettes;5;12;rùmwìckle;VERB;100
recettes;5;13;.;PUNCT;100
recettes;6;1;De;DET;100
recettes;6;2;Rahm;NOUN;100
recettes;6;3;gùssàrtig;ADV;100
recettes;6;4;inkoche;VERB;100
recettes;6;5;lon;VERB;100
recettes;6;6;.;PUNCT;100
recettes;7;1;Mìt;ADP;100
recettes;7;2;Meerretti;NOUN;100
recettes;7;3;,;PUNCT;100
recettes;7;4;Sàlz;NOUN;100
recettes;7;5;ùn;CONJ;100
recettes;7;6;Pfeffer;NOUN;100
recettes;7;7;üss;ADP;100
recettes;7;8;de;DET;100
recettes;7;9;Mìehl;NOUN;100
recettes;7;10;ànmàche;VERB;100
recettes;7;11;.;PUNCT;100
recettes;8;1;D';DET;100
recettes;8;2;gespìckte;ADJ;100
recettes;8;3;Làchsfilee;NOUN;100
recettes;8;4;3;NUM;100
recettes;8;5;Minüte;NOUN;100
recettes;8;6;làng;ADV;100
recettes;8;7;ànbrote;VERB;100
recettes;8;8;.;PUNCT;100
recettes;9;1;Ùf;ADP;100
recettes;9;2;e;DET;100
recettes;9;3;Grìeni-Lìnse;NOUN;100
recettes;9;4;Bett;NOUN;100
recettes;9;5;leje;VERB;100
recettes;9;6;ùn;CONJ;100
recettes;9;7;d';DET;100
recettes;9;8;Sauce;NOUN;100
recettes;9;9;drùm;ADV;100
recettes;9;10;erùm;ADP;100
recettes;9;11;nàppìere;VERB;100
recettes;9;12;.;PUNCT;100
recettes;10;1;Mìteme;ADP;100
recettes;10;2;bìssele;NOUN;100
recettes;10;3;Kerwelskrüt;NOUN;100
recettes;10;4;,;PUNCT;100
recettes;10;5;Tomàte-Wìrfel;NOUN;100
recettes;10;6;ùn;CONJ;100
recettes;10;7;zwei;NUM;100
recettes;10;8;Gemìes-Strissle;NOUN;100
recettes;10;9;denäwe;ADV;100
recettes;10;10;zìere;VERB;100
recettes;10;11;.;PUNCT;100
recettes;11;1;D';DET;100
recettes;11;2;Spàrichle;NOUN;100
recettes;11;3;schäle;VERB;100
recettes;11;4;ùn;CONJ;100
recettes;11;5;d';DET;100
recettes;11;6;grìene;ADJ;100
recettes;11;7;Spìtze;NOUN;100
recettes;11;8;sowie;CONJ;100
recettes;11;9;'s;DET;100
recettes;11;10;zàrte;ADJ;100
recettes;11;11;Teil;NOUN;100
recettes;11;12;vùm;ADP;100
recettes;11;13;Stìel;NOUN;100
recettes;11;14;bhàlte;VERB;100
recettes;11;15;.;PUNCT;100
recettes;12;1;Se;PRON;100
recettes;12;2;wäsche;VERB;100
recettes;12;3;ùn;CONJ;100
recettes;12;4;se;PRON;100
recettes;12;5;ìn;ADP;100
recettes;12;6;2;NUM;100
recettes;12;7;cm-làngi;ADJ;100
recettes;12;8;Stìckle;NOUN;100
recettes;12;9;schniide;VERB;100
recettes;12;10;.;PUNCT;100
recettes;13;1;D';DET;100
recettes;13;2;Spàrichle;NOUN;100
recettes;13;3;ìn;ADP;100
recettes;13;4;e;DET;100
recettes;13;5;Sìbb;NOUN;100
recettes;13;6;üss;ADP;100
recettes;13;7;Metàll;NOUN;100
recettes;13;8;màche;VERB;100
recettes;13;9;ùn;CONJ;100
recettes;13;10;àlles;PRON;100
recettes;13;11;zàmme;ADV;100
recettes;13;12;5;NUM;100
recettes;13;13;Minüte;NOUN;100
recettes;13;14;làng;ADV;100
recettes;13;15;ìn;ADP;100
recettes;13;16;kochendem;ADJ;100
recettes;13;17;Sàlzwàsser;NOUN;100
recettes;13;18;àbkoche;VERB;100
recettes;13;19;.;PUNCT;100
recettes;14;1;Se;PRON;100
recettes;14;2;àbtropfe;VERB;100
recettes;14;3;lon;VERB;100
recettes;14;4;,;PUNCT;100
recettes;14;5;àbkìehle;VERB;100
recettes;14;6;,;PUNCT;100
recettes;14;7;wìdder;ADV;100
recettes;14;8;àbtropfe;VERB;100
recettes;14;9;lon;VERB;100
recettes;14;10;.;PUNCT;100
recettes;15;1;Ìnere;ADP;100
recettes;15;2;Form;NOUN;100
recettes;15;3;'s;DET;100
recettes;15;4;Mëhl;NOUN;100
recettes;15;5;mìt;ADP;100
recettes;15;6;de;DET;100
recettes;15;7;Eier;NOUN;100
recettes;15;8;beàrweite;VERB;100
recettes;15;9;,;PUNCT;100
recettes;15;10;mìt;ADP;100
recettes;15;11;de;DET;100
recettes;15;12;Mìlich;NOUN;100
recettes;15;13;ùn'em;CONJ;100
recettes;15;14;licht;ADV;100
recettes;15;15;gschmolzene;ADJ;100
recettes;15;16;Bùtter;NOUN;100
recettes;15;17;ànrìehre;VERB;100
recettes;15;18;,;PUNCT;100
recettes;15;19;sàlze;VERB;100
recettes;15;20;,;PUNCT;100
recettes;15;21;pfeffere;VERB;100
recettes;15;22;,;PUNCT;100
recettes;15;23;Mùschkàtnùss;NOUN;100
recettes;15;24;dezügenn;VERB;100
recettes;15;25;.;PUNCT;100
recettes;16;1;De;DET;100
recettes;16;2;Bodde;NOUN;100
recettes;16;3;vùnere;ADP;100
recettes;16;4;Plàtt;NOUN;100
recettes;16;5;mìt;ADP;100
recettes;16;6;Bùtter;NOUN;100
recettes;16;7;inschmìere;VERB;100
recettes;16;8;,;PUNCT;100
recettes;16;9;d';DET;100
recettes;16;10;Spàrichle-Stìckle;NOUN;100
recettes;16;11;scheen;ADV;100
recettes;16;12;ànneleje;VERB;100
recettes;16;13;,;PUNCT;100
recettes;16;14;de;DET;100
recettes;16;15;Teig;NOUN;100
recettes;16;16;drìwwer;ADV;100
recettes;16;17;màche;VERB;100
recettes;16;18;ùn;CONJ;100
recettes;16;19;ìn;ADP;100
recettes;16;20;heissem;ADJ;100
recettes;16;21;Offe;NOUN;100
recettes;16;22;210°;NUM;100
recettes;16;23;(;PUNCT;100
recettes;16;24;th7;NUM;100
recettes;16;25;);PUNCT;100
recettes;16;26;35;NUM;100
recettes;16;27;bis;ADP;100
recettes;16;28;40;NUM;100
recettes;16;29;Minüte;NOUN;100
recettes;16;30;koche;VERB;100
recettes;16;31;lon;VERB;100
recettes;16;32;.;PUNCT;100
recettes;17;1;d';DET;100
recettes;17;2;Erdbeere;NOUN;100
recettes;17;3;wäsche;VERB;100
recettes;17;4;,;PUNCT;100
recettes;17;5;entstìele;VERB;100
recettes;17;6;ùn;CONJ;100
recettes;17;7;ìn;ADP;100
recettes;17;8;Vìertel;NOUN;100
recettes;17;9;schniide;VERB;100
recettes;17;10;.;PUNCT;100
recettes;18;1;Fer;ADP;100
recettes;18;2;de;DET;100
recettes;18;3;Sabayon;NOUN;100
recettes;18;4;:;PUNCT;100
recettes;18;5;ìnere;ADP;100
recettes;18;6;Kàssroll;NOUN;100
recettes;18;7;mìt;ADP;100
recettes;18;8;dìckem;ADJ;100
recettes;18;9;Bodde;NOUN;100
recettes;18;10;(;PUNCT;100
recettes;18;11;odder;CONJ;100
recettes;18;12;Wàsserbàd;NOUN;100
recettes;18;13;);PUNCT;100
recettes;18;14;d';DET;100
recettes;18;15;Eigelbe;NOUN;100
recettes;18;16;ùn;CONJ;100
recettes;18;17;de;DET;100
recettes;18;18;Puderzùcker;NOUN;100
recettes;18;19;schlaawe;VERB;100
recettes;18;20;.;PUNCT;100
recettes;19;1;Schlaawe;VERB;100
recettes;19;2;bis;ADP;100
recettes;19;3;dàss;SCONJ;100
recettes;19;4;es;PRON;100
recettes;19;5;wiss;ADJ;100
recettes;19;6;wùrd;VERB;100
recettes;19;7;.;PUNCT;100
recettes;20;1;Zwei;NUM;100
recettes;20;2;Sùppeleffel;NOUN;100
recettes;20;3;Wisswin;NOUN;100
recettes;20;4;dezügenn;VERB;100
recettes;20;5;ùn;CONJ;100
recettes;20;6;wittersch;ADV;100
recettes;20;7;zuem;ADP;100
recettes;20;8;e;DET;100
recettes;20;9;Schüm;NOUN;100
recettes;20;10;schlaawe;VERB;100
recettes;20;11;.;PUNCT;100
recettes;21;1;Licht;ADV;100
recettes;21;2;ànkoche;VERB;100
recettes;21;3;lon;VERB;100
recettes;21;4;(;PUNCT;100
recettes;21;5;odder;CONJ;100
recettes;21;6;ìm;ADP;100
recettes;21;7;Wàsserbàd;NOUN;100
recettes;21;8;);PUNCT;100
recettes;21;9;ùn;CONJ;100
recettes;21;10;debi;ADV;100
recettes;21;11;wittersch;ADV;100
recettes;21;12;schlaawe;VERB;100
recettes;21;13;.;PUNCT;100
recettes;22;1;Nooch;ADJ;100
recettes;22;2;ùn;CONJ;100
recettes;22;3;nooch;ADJ;100
recettes;22;4;de;DET;100
recettes;22;5;Rescht;NOUN;100
recettes;22;6;Wisswin;NOUN;100
recettes;22;7;dezügenn;VERB;100
recettes;22;8;.;PUNCT;100
recettes;23;1;D';DET;100
recettes;23;2;Mìschùng;NOUN;100
recettes;23;3;muess;VERB;100
recettes;23;4;schümisch;ADJ;100
recettes;23;5;wëre;VERB;100
recettes;23;6;ùn;CONJ;100
recettes;23;7;sich;PRON;100
recettes;23;8;verdopple;VERB;100
recettes;23;9;,;PUNCT;100
recettes;23;10;sie;PRON;100
recettes;23;11;muess;VERB;100
recettes;23;12;àwwer;CONJ;100
recettes;23;13;nìt;PART;100
recettes;23;14;àbkoche;VERB;100
recettes;23;15;.;PUNCT;100
recettes;24;1;Vùm;ADP;100
recettes;24;2;Fiir;NOUN;100
recettes;24;3;ewegnamme;VERB;100
recettes;24;4;soboel;CONJ;100
recettes;24;5;dàss;SCONJ;100
recettes;24;6;de;DET;100
recettes;24;7;Sabayon;NOUN;100
recettes;24;8;dìck;ADJ;100
recettes;24;9;genue;ADV;100
recettes;24;10;wùrre;VERB;100
recettes;24;11;ìsch;AUX;100
recettes;24;12;,;PUNCT;100
recettes;24;13;kàlt;ADJ;100
recettes;24;14;lon;VERB;100
recettes;24;15;wëre;VERB;100
recettes;24;16;.;PUNCT;100
recettes;25;1;Ìn;ADP;100
recettes;25;2;e;DET;100
recettes;25;3;Sàlàdschìssel;NOUN;100
recettes;25;4;de;DET;100
recettes;25;5;Rahm;NOUN;100
recettes;25;6;ùn;CONJ;100
recettes;25;7;de;DET;100
recettes;25;8;Vanill-Zùcker;NOUN;100
recettes;25;9;schìtte;VERB;100
recettes;25;10;.;PUNCT;100
recettes;26;1;Zuere;ADP;100
recettes;26;2;e;DET;100
recettes;26;3;Chantilly;NOUN;100
recettes;26;4;schlaawe;VERB;100
recettes;26;5;ùn;CONJ;100
recettes;26;6;mìtem;ADP;100
recettes;26;7;kàlte;ADJ;100
recettes;26;8;Sabayon;NOUN;100
recettes;26;9;mìsche;VERB;100
recettes;26;10;.;PUNCT;100
recettes;27;1;d';DET;100
recettes;27;2;Rhàbàrwer-Stìckle;NOUN;100
recettes;27;3;koche;VERB;100
recettes;27;4;.;PUNCT;100
recettes;28;1;Se;PRON;100
recettes;28;2;ìn;ADP;100
recettes;28;3;kleini;ADJ;100
recettes;28;4;Pfannele;NOUN;100
recettes;28;5;odder;CONJ;100
recettes;28;6;ìn;ADP;100
recettes;28;7;kleini;ADJ;100
recettes;28;8;Plättle;NOUN;100
recettes;28;9;leje;VERB;100
recettes;28;10;,;PUNCT;100
recettes;28;11;dànn;ADV;100
recettes;28;12;d';DET;100
recettes;28;13;Erdbeere;NOUN;100
recettes;28;14;drùff;ADV;100
recettes;28;15;leje;VERB;100
recettes;28;16;.;PUNCT;100
recettes;29;1;Mìtem;ADP;100
recettes;29;2;Sabayon;NOUN;100
recettes;29;3;ìwwerzìehje;VERB;100
recettes;29;4;ùn;CONJ;100
recettes;29;5;mìt;ADP;100
recettes;29;6;de;DET;100
recettes;29;7;g'hobelte;ADJ;100
recettes;29;8;Màndle;NOUN;100
recettes;29;9;bstraie;VERB;100
recettes;29;10;.;PUNCT;100
wikipedia1;1;1;S;DET;100
wikipedia1;1;2;elsassischa;ADJ;100
wikipedia1;1;3;Museum;NOUN;100
wikipedia1;1;4;vu;ADP;100
wikipedia1;1;5;Stroßburri;PROPN;100
wikipedia1;1;6;ìsch;VERB;100
wikipedia1;1;7;a;DET;100
wikipedia1;1;8;Volkstum-Museum;NOUN;100
wikipedia1;1;9;.;PUNCT;100
wikipedia1;2;1;S;DET;100
wikipedia1;2;2;Lawa;NOUN;100
wikipedia1;2;3;ìm;ADP;100
wikipedia1;2;4;Elsàss;PROPN;100
wikipedia1;2;5;ìn;ADP;100
wikipedia1;2;6;da;DET;100
wikipedia1;2;7;XVIII.;NUM;100
wikipedia1;2;8;un;CONJ;100
wikipedia1;2;9;XIX.;NUM;100
wikipedia1;2;10;Johrhundert;NOUN;100
wikipedia1;2;11;wìrd;AUX;100
wikipedia1;2;12;do;ADV;100
wikipedia1;2;13;zeigt;VERB;100
wikipedia1;2;14;,;PUNCT;100
wikipedia1;2;15;dur;ADP;100
wikipedia1;2;16;Tràchta;NOUN;100
wikipedia1;2;17;,;PUNCT;100
wikipedia1;2;18;Meewel;NOUN;100
wikipedia1;2;19;,;PUNCT;100
wikipedia1;2;20;Täpfa;NOUN;100
wikipedia1;2;21;,;PUNCT;100
wikipedia1;2;22;Spìelzig;NOUN;100
wikipedia1;2;23;,;PUNCT;100
wikipedia1;2;24;Bìlder;NOUN;100
wikipedia1;2;25;,;PUNCT;100
wikipedia1;2;26;Stuwa;NOUN;100
wikipedia1;2;27;un;CONJ;100
wikipedia1;2;28;Àtelier;NOUN;100
wikipedia1;2;29;wo;PRON;100
wikipedia1;2;30;nohgmàcht;VERB;100
wikipedia1;2;31;worra;AUX;100
wikipedia1;2;32;sìn;AUX;100
wikipedia1;2;33;.;PUNCT;100
wikipedia1;3;1;S;DET;100
wikipedia1;3;2;elsassischa;ADJ;100
wikipedia1;3;3;Museum;NOUN;100
wikipedia1;3;4;hàt;VERB;100
wikipedia1;3;5;aui;ADV;100
wikipedia1;3;6;,;PUNCT;100
wikipedia1;3;7;zitter;ADP;100
wikipedia1;3;8;'m;DET;100
wikipedia1;3;9;Ààfàng;NOUN;100
wikipedia1;3;10;,;PUNCT;100
wikipedia1;3;11;a;DET;100
wikipedia1;3;12;großa;ADJ;100
wikipedia1;3;13;Sàmmlung;NOUN;100
wikipedia1;3;14;wo-n-ìhm;PRON;100
wikipedia1;3;15;d;DET;100
wikipedia1;3;16;Société;X;100
wikipedia1;3;17;d';X;100
wikipedia1;3;18;Histoire;X;100
wikipedia1;3;19;des;X;100
wikipedia1;3;20;Israélites;X;100
wikipedia1;3;21;d';X;100
wikipedia1;3;22;Alsace;X;100
wikipedia1;3;23;et;X;100
wikipedia1;3;24;de;X;100
wikipedia1;3;25;Lorraine;X;100
wikipedia1;3;26;(;PUNCT;100
wikipedia1;3;27;Gschìchtverein;NOUN;100
wikipedia1;3;28;vu;ADP;100
wikipedia1;3;29;da;DET;100
wikipedia1;3;30;Israelita;NOUN;100
wikipedia1;3;31;vum;ADP;100
wikipedia1;3;32;Elsàss;PROPN;100
wikipedia1;3;33;un;CONJ;100
wikipedia1;3;34;vu;ADP;100
wikipedia1;3;35;Lothrìnga;PROPN;100
wikipedia1;3;36;);PUNCT;100
wikipedia1;3;37;gaa;VERB;100
wikipedia1;3;38;hàt;AUX;100
wikipedia1;3;39;.;PUNCT;100
wikipedia1;4;1;So;ADV;100
wikipedia1;4;2;kààt;VERB;100
wikipedia1;4;3;ma;PRON;100
wikipedia1;4;4;s;DET;100
wikipedia1;4;5;kültürella;ADJ;100
wikipedia1;4;6;Erbgüet;NOUN;100
wikipedia1;4;7;vu;ADP;100
wikipedia1;4;8;da;DET;100
wikipedia1;4;9;elsassischa;ADJ;100
wikipedia1;4;10;Juda;NOUN;100
wikipedia1;4;11;entdecka;VERB;100
wikipedia1;4;12;.;PUNCT;100
wikipedia1;5;1;Dàs;DET;100
wikipedia1;5;2;Museum;NOUN;100
wikipedia1;5;3;befìndet;VERB;100
wikipedia1;5;4;sìch;PRON;100
wikipedia1;5;5;nawa;ADP;100
wikipedia1;5;6;dr;DET;100
wikipedia1;5;7;Ìll;PROPN;100
wikipedia1;5;8;,;PUNCT;100
wikipedia1;5;9;ìn;ADP;100
wikipedia1;5;10;'ma;DET;100
wikipedia1;5;11;Gebäi;NOUN;100
wikipedia1;5;12;wo;PRON;100
wikipedia1;5;13;zu;ADP;100
wikipedia1;5;14;da;DET;100
wikipedia1;5;15;monuments;X;100
wikipedia1;5;16;historiques;X;100
wikipedia1;5;17;gheert;VERB;100
wikipedia1;5;18;,;PUNCT;100
wikipedia1;5;19;àn;ADP;100
wikipedia1;5;20;dr;DET;100
wikipedia1;5;21;Àdrass;NOUN;100
wikipedia1;5;22;:;PUNCT;100
wikipedia1;5;23;23-25;NUM;100
wikipedia1;5;24;Place;X;100
wikipedia1;5;25;du;X;100
wikipedia1;5;26;Corbeau;X;100
wikipedia1;5;27;.;PUNCT;100
wikipedia1;6;1;S;DET;100
wikipedia1;6;2;Museum;NOUN;100
wikipedia1;6;3;ìsch;VERB;100
wikipedia1;6;4;àm;ADP;100
wikipedia1;6;5;3.;NUM;100
wikipedia1;6;6;Novamber;NOUN;100
wikipedia1;6;7;1902;NUM;100
wikipedia1;6;8;grìnda;VERB;100
wikipedia1;6;9;worra;AUX;100
wikipedia1;6;10;,;PUNCT;100
wikipedia1;6;11;bim;ADP;100
wikipedia1;6;12;Notàr;NOUN;100
wikipedia1;6;13;Alfred;PROPN;100
wikipedia1;6;14;Ritleng;PROPN;100
wikipedia1;6;15;z';ADP;100
wikipedia1;6;16;Stroßburri;PROPN;100
wikipedia1;6;17;.;PUNCT;100
wikipedia1;7;1;Bi;ADP;100
wikipedia1;7;2;da;DET;100
wikipedia1;7;3;Grìnder;NOUN;100
wikipedia1;7;4;sìn;AUX;100
wikipedia1;7;5;dr;DET;100
wikipedia1;7;6;Pierre;PROPN;100
wikipedia1;7;7;Bucher;PROPN;100
wikipedia1;7;8;,;PUNCT;100
wikipedia1;7;9;dr;DET;100
wikipedia1;7;10;Ferdinand;PROPN;100
wikipedia1;7;11;un;CONJ;100
wikipedia1;7;12;dr;DET;100
wikipedia1;7;13;Léon;PROPN;100
wikipedia1;7;14;Dollinger;PROPN;100
wikipedia1;7;15;,;PUNCT;100
wikipedia1;7;16;dr;DET;100
wikipedia1;7;17;Anselme;PROPN;100
wikipedia1;7;18;Laugel;PROPN;100
wikipedia1;7;19;,;PUNCT;100
wikipedia1;7;20;dr;DET;100
wikipedia1;7;21;Gustave;PROPN;100
wikipedia1;7;22;Stoskopf;PROPN;100
wikipedia1;7;23;,;PUNCT;100
wikipedia1;7;24;dr;DET;100
wikipedia1;7;25;Fritz;PROPN;100
wikipedia1;7;26;Kiener;PROPN;100
wikipedia1;7;27;,;PUNCT;100
wikipedia1;7;28;dr;DET;100
wikipedia1;7;29;Archeologue;NOUN;100
wikipedia1;7;30;Robert;PROPN;100
wikipedia1;7;31;Forrer;PROPN;100
wikipedia1;7;32;un;CONJ;100
wikipedia1;7;33;dr;DET;100
wikipedia1;7;34;Alfred;PROPN;100
wikipedia1;7;35;Kassel;PROPN;100
wikipedia1;7;36;gsìì;VERB;100
wikipedia1;7;37;.;PUNCT;100
wikipedia1;8;1;Dr;DET;100
wikipedia1;8;2;Kìnschtler;NOUN;100
wikipedia1;8;3;Charles;PROPN;100
wikipedia1;8;4;Spindler;PROPN;100
wikipedia1;8;5;-;SYM;100
wikipedia1;8;6;wo;PRON;100
wikipedia1;8;7;bim;ADP;100
wikipedia1;8;8;Notàr;NOUN;100
wikipedia1;8;9;nìt;PART;100
wikipedia1;8;10;derbi;ADV;100
wikipedia1;8;11;gsìì;VERB;100
wikipedia1;8;12;ìsch;AUX;100
wikipedia1;8;13;-;SYM;100
wikipedia1;8;14;hàt;AUX;100
wikipedia1;8;15;aui;ADV;100
wikipedia1;8;16;mìtgmàcht;VERB;100
wikipedia1;8;17;:;PUNCT;100
wikipedia1;8;18;ar;PRON;100
wikipedia1;8;19;hàt;AUX;100
wikipedia1;8;20;d;DET;100
wikipedia1;8;21;Wàsserfàrb-Gmälta;NOUN;100
wikipedia1;8;22;vum;ADP;100
wikipedia1;8;23;Büech;NOUN;100
wikipedia1;8;24;Costumes;X;100
wikipedia1;8;25;et;X;100
wikipedia1;8;26;coutumes;X;100
wikipedia1;8;27;d’Alsace;X;100
wikipedia1;8;28;gaa;VERB;100
wikipedia1;8;29;,;PUNCT;100
wikipedia1;8;30;un;CONJ;100
wikipedia1;8;31;hàt;AUX;100
wikipedia1;8;32;derfer;ADV;100
wikipedia1;8;33;a;DET;100
wikipedia1;8;34;Gschaftsààteil;NOUN;100
wikipedia1;8;35;vum;ADP;100
wikipedia1;8;36;Museum;NOUN;100
wikipedia1;8;37;bikumma;VERB;100
wikipedia1;8;38;.;PUNCT;100
wikipedia1;9;1;Dia;DET;100
wikipedia1;9;2;Bìlder;NOUN;100
wikipedia1;9;3;sìn;AUX;100
wikipedia1;9;4;d;DET;100
wikipedia1;9;5;erschta;ADJ;100
wikipedia1;9;6;Giater;NOUN;100
wikipedia1;9;7;vum;ADP;100
wikipedia1;9;8;züekìnftiga;ADJ;100
wikipedia1;9;9;Museum;NOUN;100
wikipedia1;9;10;gsìì;VERB;100
wikipedia1;9;11;.;PUNCT;100
wikipedia1;10;1;Dr;DET;100
wikipedia1;10;2;Goerges;PROPN;100
wikipedia1;10;3;Ritleng;PROPN;100
wikipedia1;10;4;ìsch;AUX;100
wikipedia1;10;5;Ehrapräsidant;NOUN;100
wikipedia1;10;6;vum;ADP;100
wikipedia1;10;7;Museum;NOUN;100
wikipedia1;10;8;worra;VERB;100
wikipedia1;10;9;.;PUNCT;100
wikipedia1;11;1;S;DET;100
wikipedia1;11;2;Museum;NOUN;100
wikipedia1;11;3;hàt;AUX;100
wikipedia1;11;4;àm;ADP;100
wikipedia1;11;5;11.;NUM;100
wikipedia1;11;6;Mai;NOUN;100
wikipedia1;11;7;1907;NUM;100
wikipedia1;11;8;ufgmàcht;VERB;100
wikipedia1;11;9;.;PUNCT;100
wikipedia1;12;1;Wahrend'm;ADP;100
wikipedia1;12;2;erschta;ADJ;100
wikipedia1;12;3;Waltkriag;NOUN;100
wikipedia1;12;4;hàt;AUX;100
wikipedia1;12;5;d;DET;100
wikipedia1;12;6;ditscha;ADJ;100
wikipedia1;12;7;Regiarung;NOUN;100
wikipedia1;12;8;s;DET;100
wikipedia1;12;9;Museum;NOUN;100
wikipedia1;12;10;züegmàcht;VERB;100
wikipedia1;12;11;,;PUNCT;100
wikipedia1;12;12;wial;SCONJ;100
wikipedia1;12;13;'s;PRON;100
wikipedia1;12;14;züe;PART;100
wikipedia1;12;15;vìel;ADV;100
wikipedia1;12;16;fer;ADP;100
wikipedia1;12;17;s;DET;100
wikipedia1;12;18;Frànkrìch;PROPN;100
wikipedia1;12;19;igstellt;VERB;100
wikipedia1;12;20;gsìì;AUX;100
wikipedia1;12;21;ìsch;AUX;100
wikipedia1;12;22;.;PUNCT;100
wikipedia1;13;1;Ànna;ADP;100
wikipedia1;13;2;1917;NUM;100
wikipedia1;13;3;hàt;AUX;100
wikipedia1;13;4;d;DET;100
wikipedia1;13;5;Stàdt;NOUN;100
wikipedia1;13;6;Stroßburri;PROPN;100
wikipedia1;13;7;s;DET;100
wikipedia1;13;8;Museum;NOUN;100
wikipedia1;13;9;àbkàuift;VERB;100
wikipedia1;13;10;.;PUNCT;100
wikipedia1;14;1;Zwei;NUM;100
wikipedia1;14;2;Gebäi;NOUN;100
wikipedia1;14;3;nawadràà;ADV;100
wikipedia1;14;4;sìn;AUX;100
wikipedia1;14;5;aui;ADV;100
wikipedia1;14;6;kàuift;VERB;100
wikipedia1;14;7;worra;VERB;100
wikipedia1;14;8;,;PUNCT;100
wikipedia1;14;9;s;DET;100
wikipedia1;14;10;Museum;NOUN;100
wikipedia1;14;11;hàt;AUX;100
wikipedia1;14;12;sìch;PRON;100
wikipedia1;14;13;vergreeßert;VERB;100
wikipedia1;14;14;,;PUNCT;100
wikipedia1;14;15;ìm;ADP;100
wikipedia1;14;16;Ràhma;NOUN;100
wikipedia1;14;17;vu;ADP;100
wikipedia1;14;18;da;DET;100
wikipedia1;14;19;Stàdtmuseum;NOUN;100
wikipedia1;14;20;vu;ADP;100
wikipedia1;14;21;Stroßburri;PROPN;100
wikipedia1;14;22;.;PUNCT;100
wikipedia1;15;1;Zwìscha;ADP;100
wikipedia1;15;2;1969;NUM;100
wikipedia1;15;3;un;CONJ;100
wikipedia1;15;4;1985;NUM;100
wikipedia1;15;5;hàt;AUX;100
wikipedia1;15;6;dr;DET;100
wikipedia1;15;7;Verwàlter;NOUN;100
wikipedia1;15;8;Georges;PROPN;100
wikipedia1;15;9;Klein;PROPN;100
wikipedia1;15;10;Üstellunga;NOUN;100
wikipedia1;15;11;ìwer;ADP;100
wikipedia1;15;12;verschìedena;ADJ;100
wikipedia1;15;13;Thema;NOUN;100
wikipedia1;15;14;ufbàuia;VERB;100
wikipedia1;15;15;.;PUNCT;100
wikipedia1;16;1;Ar;PRON;100
wikipedia1;16;2;hàt;AUX;100
wikipedia1;16;3;d;DET;100
wikipedia1;16;4;Entwìcklung;NOUN;100
wikipedia1;16;5;vum;ADP;100
wikipedia1;16;6;Museum;NOUN;100
wikipedia1;16;7;ìn;ADP;100
wikipedia1;16;8;da;DET;100
wikipedia1;16;9;zwei;NUM;100
wikipedia1;16;10;Gebäi;NOUN;100
wikipedia1;16;11;nawadràà;ADV;100
wikipedia1;16;12;gfiahrt;VERB;100
wikipedia1;16;13;un;CONJ;100
wikipedia1;16;14;nèia;ADJ;100
wikipedia1;16;15;Saal;NOUN;100
wikipedia1;16;16;ufgstellt;VERB;100
wikipedia1;16;17;.;PUNCT;100
wikipedia1;17;1;Zwei;NUM;100
wikipedia1;17;2;Saal;NOUN;100
wikipedia1;17;3;ìm;ADP;100
wikipedia1;17;4;drìtta;ADJ;100
wikipedia1;17;5;Stock;NOUN;100
wikipedia1;17;6;sìn;AUX;100
wikipedia1;17;7;làng;ADV;100
wikipedia1;17;8;ìm;ADP;100
wikipedia1;17;9;Wark;NOUN;100
wikipedia1;17;10;vum;ADP;100
wikipedia1;17;11;Pàschtor;NOUN;100
wikipedia1;17;12;un;CONJ;100
wikipedia1;17;13;Pädagoge;NOUN;100
wikipedia1;17;14;Jean-Frédéric;PROPN;100
wikipedia1;17;15;Oberlin;PROPN;100
wikipedia1;17;16;gwìdmet;VERB;100
wikipedia1;17;17;gsìì;AUX;100
wikipedia1;17;18;.;PUNCT;100
wikipedia1;18;1;Wo;PRON;100
wikipedia1;18;2;,;PUNCT;100
wikipedia1;18;3;ànna;ADP;100
wikipedia1;18;4;2003;NUM;100
wikipedia1;18;5;,;PUNCT;100
wikipedia1;18;6;s;DET;100
wikipedia1;18;7;Museum;NOUN;100
wikipedia1;18;8;Jean-Frédéric;PROPN;100
wikipedia1;18;9;Oberlin;PROPN;100
wikipedia1;18;10;z';ADP;100
wikipedia1;18;11;Waldersbach;PROPN;100
wikipedia1;18;12;ufgmàcht;VERB;100
wikipedia1;18;13;hàt;AUX;100
wikipedia1;18;14;,;PUNCT;100
wikipedia1;18;15;ìsch;AUX;100
wikipedia1;18;16;dia;DET;100
wikipedia1;18;17;Sàmmlung;NOUN;100
wikipedia1;18;18;därt;ADV;100
wikipedia1;18;19;ànakumma;VERB;100
wikipedia1;18;20;.;PUNCT;100
wikipedia1;19;1;Noh;ADP;100
wikipedia1;19;2;da;DET;100
wikipedia1;19;3;Faschter;NOUN;100
wikipedia1;19;4;vum;ADP;100
wikipedia1;19;5;100.;NUM;100
wikipedia1;19;6;Geburstàg;NOUN;100
wikipedia1;19;7;ànna;ADP;100
wikipedia1;19;8;2007;NUM;100
wikipedia1;19;9;,;PUNCT;100
wikipedia1;19;10;ìsch;AUX;100
wikipedia1;19;11;s;DET;100
wikipedia1;19;12;Museum;NOUN;100
wikipedia1;19;13;renowiart;VERB;100
wikipedia1;19;14;worra;AUX;100
wikipedia1;19;15;,;PUNCT;100
wikipedia1;19;16;fer;ADP;100
wikipedia1;19;17;ìn;ADP;100
wikipedia1;19;18;d;DET;100
wikipedia1;19;19;Sìcherheitsnorma;NOUN;100
wikipedia1;19;20;ààpàssa;VERB;100
wikipedia1;19;21;.;PUNCT;100
wikipedia1;20;1;S;DET;100
wikipedia1;20;2;Museum;NOUN;100
wikipedia1;20;3;hàt;AUX;100
wikipedia1;20;4;àm;ADP;100
wikipedia1;20;5;15.;NUM;100
wikipedia1;20;6;Oktower;NOUN;100
wikipedia1;20;7;2008;NUM;100
wikipedia1;20;8;wìder;ADV;100
wikipedia1;20;9;ufgmàcht;VERB;100
wikipedia1;20;10;.;PUNCT;100
wikipedia2;1;1;Johannes;PROPN;100
wikipedia2;1;2;Mentelin;PROPN;100
wikipedia2;1;3;Dr;DET;100
wikipedia2;1;4;Johannes;PROPN;100
wikipedia2;1;5;Mentelin;PROPN;100
wikipedia2;1;6;mankmol;ADV;100
wikipedia2;1;7;àui;ADV;100
wikipedia2;1;8;Mentlin;PROPN;100
wikipedia2;1;9;gnannt;VERB;100
wikipedia2;1;10;(;PUNCT;100
wikipedia2;1;11;*;SYM;100
wikipedia2;1;12;um;ADP;100
wikipedia2;1;13;1410;NUM;100
wikipedia2;1;14;z';ADP;100
wikipedia2;1;15;Schlettstàdt;PROPN;100
wikipedia2;1;16;";";PUNCT;100
wikipedia2;1;17;†;SYM;100
wikipedia2;1;18;12.;NUM;100
wikipedia2;1;19;Dezamber;NOUN;100
wikipedia2;1;20;1478;NUM;100
wikipedia2;1;21;z';ADP;100
wikipedia2;1;22;Stroßburri;PROPN;100
wikipedia2;1;23;);PUNCT;100
wikipedia2;1;24;ìsch;AUX;100
wikipedia2;1;25;ìn;ADP;100
wikipedia2;1;26;dr;DET;100
wikipedia2;1;27;Zitt;NOUN;100
wikipedia2;1;28;vu;ADP;100
wikipedia2;1;29;da;DET;100
wikipedia2;1;30;Ìnkunàwel;NOUN;100
wikipedia2;1;31;a;DET;100
wikipedia2;1;32;ditscher;ADJ;100
wikipedia2;1;33;Büechdrucker;NOUN;100
wikipedia2;1;34;un;CONJ;100
wikipedia2;1;35;Büechhàndler;NOUN;100
wikipedia2;1;36;gsìì;VERB;100
wikipedia2;1;37;.;PUNCT;100
wikipedia2;2;1;Ànna;ADP;100
wikipedia2;2;2;1466;NUM;100
wikipedia2;2;3;hàt;AUX;100
wikipedia2;2;4;'r;PRON;100
wikipedia2;2;5;d;DET;100
wikipedia2;2;6;erschta;ADJ;100
wikipedia2;2;7;druckta;ADJ;100
wikipedia2;2;8;Bibel;NOUN;100
wikipedia2;2;9;ìn;ADP;100
wikipedia2;2;10;hochditscha;ADJ;100
wikipedia2;2;11;Sproch;NOUN;100
wikipedia2;2;12;(;PUNCT;100
wikipedia2;2;13;Mentelin-Bibel;PROPN;100
wikipedia2;2;14;);PUNCT;100
wikipedia2;2;15;veräffentligt;VERB;100
wikipedia2;2;16;.;PUNCT;100
wikipedia2;3;1;Lawa;NOUN;100
wikipedia2;3;2;Dr;DET;100
wikipedia2;3;3;Johannes;PROPN;100
wikipedia2;3;4;Mentelin;PROPN;100
wikipedia2;3;5;ìsch;AUX;100
wikipedia2;3;6;ànna;ADP;100
wikipedia2;3;7;1440;NUM;100
wikipedia2;3;8;uf;ADP;100
wikipedia2;3;9;Stroßburri;PROPN;100
wikipedia2;3;10;kumma;VERB;100
wikipedia2;3;11;.;PUNCT;100
wikipedia2;4;1;Àls;CONJ;100
wikipedia2;4;2;Berüef;NOUN;100
wikipedia2;4;3;ìsch;AUX;100
wikipedia2;4;4;'r;PRON;100
wikipedia2;4;5;zeerscht;ADV;100
wikipedia2;4;6;„;PUNCT;100
wikipedia2;4;7;Guldschriiwer;NOUN;100
wikipedia2;4;8;“;PUNCT;100
wikipedia2;4;9;(;PUNCT;100
wikipedia2;4;10;Kalligraph;NOUN;100
wikipedia2;4;11;un;CONJ;100
wikipedia2;4;12;Büechschriiwer;NOUN;100
wikipedia2;4;13;);PUNCT;100
wikipedia2;4;14;gsìì;VERB;100
wikipedia2;4;15;un;CONJ;100
wikipedia2;4;16;hàt;AUX;100
wikipedia2;4;17;noochhar;ADV;100
wikipedia2;4;18;àls;CONJ;100
wikipedia2;4;19;bìschäfliger;ADJ;100
wikipedia2;4;20;Notàr;NOUN;100
wikipedia2;4;21;gschàft;VERB;100
wikipedia2;4;22;.;PUNCT;100
wikipedia2;5;1;Dr;DET;100
wikipedia2;5;2;Mentelin;PROPN;100
wikipedia2;5;3;hàt;AUX;100
wikipedia2;5;4;sina;DET;100
wikipedia2;5;5;Stroßburger;ADJ;100
wikipedia2;5;6;Druckarèi;NOUN;100
wikipedia2;5;7;àm;ADP;100
wikipedia2;5;8;And;NOUN;100
wikipedia2;5;9;vu;ADP;100
wikipedia2;5;10;da;DET;100
wikipedia2;5;11;1450;NUM;100
wikipedia2;5;12;Johra;NOUN;100
wikipedia2;5;13;grìnda;VERB;100
wikipedia2;5;14;.;PUNCT;100
wikipedia2;6;1;Ìm;ADP;100
wikipedia2;6;2;Mìttelàlter;NOUN;100
wikipedia2;6;3;hàt;AUX;100
wikipedia2;6;4;ma;PRON;100
wikipedia2;6;5;„;PUNCT;100
wikipedia2;6;6;Offizin;NOUN;100
wikipedia2;6;7;“;PUNCT;100
wikipedia2;6;8;gsajt;VERB;100
wikipedia2;6;9;fer;ADP;100
wikipedia2;6;10;a;DET;100
wikipedia2;6;11;Büechdruckarèi;NOUN;100
wikipedia2;6;12;.;PUNCT;100
wikipedia2;7;1;Ma;PRON;100
wikipedia2;7;2;weiß;VERB;100
wikipedia2;7;3;nìt;PART;100
wikipedia2;7;4;gnàui;ADV;100
wikipedia2;7;5;wo;ADV;100
wikipedia2;7;6;un;CONJ;100
wikipedia2;7;7;wenn;ADV;100
wikipedia2;7;8;àss;SCONJ;100
wikipedia2;7;9;er;PRON;100
wikipedia2;7;10;d;DET;100
wikipedia2;7;11;Technik;NOUN;100
wikipedia2;7;12;vum;ADP;100
wikipedia2;7;13;Büechdrucka;NOUN;100
wikipedia2;7;14;glehrt;VERB;100
wikipedia2;7;15;hàt;AUX;100
wikipedia2;7;16;.;PUNCT;100
wikipedia2;8;1;Sallamols;ADV;100
wikipedia2;8;2;ìsch;AUX;100
wikipedia2;8;3;nur;ADV;100
wikipedia2;8;4;z';ADP;100
wikipedia2;8;5;Mainz;PROPN;100
wikipedia2;8;6;druckt;VERB;100
wikipedia2;8;7;worra;AUX;100
wikipedia2;8;8;.;PUNCT;100
wikipedia2;9;1;Sina;DET;100
wikipedia2;9;2;Kenntnissa;NOUN;100
wikipedia2;9;3;hàt;AUX;100
wikipedia2;9;4;'r;PRON;100
wikipedia2;9;5;àlso;ADV;100
wikipedia2;9;6;känna;AUX;100
wikipedia2;9;7;lehra;VERB;100
wikipedia2;9;8;antwader;CONJ;100
wikipedia2;9;9;direkt;ADV;100
wikipedia2;9;10;z';ADP;100
wikipedia2;9;11;Mainz;PROPN;100
wikipedia2;9;12;oder;CONJ;100
wikipedia2;9;13;dur;ADP;100
wikipedia2;9;14;ebber;PRON;100
wikipedia2;9;15;wo-n-;PRON;100
wikipedia2;9;16;ìhm;PRON;100
wikipedia2;9;17;dàs;PRON;100
wikipedia2;9;18;zeigt;VERB;100
wikipedia2;9;19;hàt;AUX;100
wikipedia2;9;20;vìllìcht;ADV;100
wikipedia2;9;21;dr;DET;100
wikipedia2;9;22;Heinrich;PROPN;100
wikipedia2;9;23;Eggestein;PROPN;100
wikipedia2;9;24;.;PUNCT;100
wikipedia2;10;1;Denn;CONJ;100
wikipedia2;10;2;dr;DET;100
wikipedia2;10;3;Heinrich;PROPN;100
wikipedia2;10;4;Eggestein;PROPN;100
wikipedia2;10;5;hàt;AUX;100
wikipedia2;10;6;meegligerwiis;ADV;100
wikipedia2;10;7;z';ADP;100
wikipedia2;10;8;Mainz;PROPN;100
wikipedia2;10;9;vum;ADP;100
wikipedia2;10;10;Johann;PROPN;100
wikipedia2;10;11;Gutenberg;PROPN;100
wikipedia2;10;12;s;DET;100
wikipedia2;10;13;Büechdrucka;NOUN;100
wikipedia2;10;14;glehrt;VERB;100
wikipedia2;10;15;.;PUNCT;100
wikipedia2;11;1;Dr;DET;100
wikipedia2;11;2;Eggestein;PROPN;100
wikipedia2;11;3;hàt;AUX;100
wikipedia2;11;4;schiint;VERB;100
wikipedia2;11;5;'s;PRON;100
wikipedia2;11;6;sina;DET;100
wikipedia2;11;7;eigena;ADJ;100
wikipedia2;11;8;Offizin;NOUN;100
wikipedia2;11;9;erscht;ADV;100
wikipedia2;11;10;ìn;ADP;100
wikipedia2;11;11;dr;DET;100
wikipedia2;11;12;Mìttla;NOUN;100
wikipedia2;11;13;vu;ADP;100
wikipedia2;11;14;da;DET;100
wikipedia2;11;15;1460.;NUM;100
wikipedia2;11;16;Johra;NOUN;100
wikipedia2;11;17;igrìchta;VERB;100
wikipedia2;11;18;.;PUNCT;100
wikipedia2;12;1;Wenn;SCONJ;100
wikipedia2;12;2;dàs;PRON;100
wikipedia2;12;3;stìmmt;VERB;100
wikipedia2;12;4;war;AUX;100
wikipedia2;12;5;àlso;ADV;100
wikipedia2;12;6;dr;DET;100
wikipedia2;12;7;Johannes;PROPN;100
wikipedia2;12;8;Mentelin;PROPN;100
wikipedia2;12;9;noch;ADV;100
wikipedia2;12;10;vor;ADP;100
wikipedia2;12;11;em;DET;100
wikipedia2;12;12;Heinrich;PROPN;100
wikipedia2;12;13;Eggestein;PROPN;100
wikipedia2;12;14;dr;DET;100
wikipedia2;12;15;erscht;ADJ;100
wikipedia2;12;16;Büechdrucker;NOUN;100
wikipedia2;12;17;vu;ADP;100
wikipedia2;12;18;Stroßburri;PROPN;100
wikipedia2;12;19;gsìì;VERB;100
wikipedia2;12;20;.;PUNCT;100
wikipedia2;13;1;Dr;DET;100
wikipedia2;13;2;erscht;ADJ;100
wikipedia2;13;3;Druck;NOUN;100
wikipedia2;13;4;wo;PRON;100
wikipedia2;13;5;ma;PRON;100
wikipedia2;13;6;vum;ADP;100
wikipedia2;13;7;Nàma;NOUN;100
wikipedia2;13;8;Mentelin;PROPN;100
wikipedia2;13;9;erfàhrt;VERB;100
wikipedia2;13;10;ìsch;VERB;100
wikipedia2;13;11;„;PUNCT;100
wikipedia2;13;12;Augustinus';X;100
wikipedia2;13;13;Tractatus;X;100
wikipedia2;13;14;de;X;100
wikipedia2;13;15;arte;X;100
wikipedia2;13;16;praedicandi;X;100
wikipedia2;13;17;“;PUNCT;100
wikipedia2;13;18;ìm;ADP;100
wikipedia2;13;19;Johr;NOUN;100
wikipedia2;13;20;1465;NUM;100
wikipedia2;13;21;.;PUNCT;100
wikipedia2;14;1;Àwer;CONJ;100
wikipedia2;14;2;Johannes;PROPN;100
wikipedia2;14;3;Mentelin;PROPN;100
wikipedia2;14;4;hàt;AUX;100
wikipedia2;14;5;wohrschins;ADV;100
wikipedia2;14;6;scho;ADV;100
wikipedia2;14;7;zìmlig;ADV;100
wikipedia2;14;8;friajher;ADV;100
wikipedia2;14;9;fànga-n-à;VERB;100
wikipedia2;14;10;drucka;VERB;100
wikipedia2;14;11;sogàr;ADV;100
wikipedia2;14;12;scho;ADV;100
wikipedia2;14;13;ànna;ADP;100
wikipedia2;14;14;1458;NUM;100
wikipedia2;14;15;.;PUNCT;100
wikipedia2;15;1;Si;DET;100
wikipedia2;15;2;ältschta;ADJ;100
wikipedia2;15;3;bekànnta;ADJ;100
wikipedia2;15;4;Druckwark;NOUN;100
wikipedia2;15;5;ìsch;VERB;100
wikipedia2;15;6;a;DET;100
wikipedia2;15;7;làtiinischa;ADJ;100
wikipedia2;15;8;Bibel;NOUN;100
wikipedia2;15;9;ìn;ADP;100
wikipedia2;15;10;49;NUM;100
wikipedia2;15;11;Ziila;NOUN;100
wikipedia2;15;12;(;PUNCT;100
wikipedia2;15;13;„;PUNCT;100
wikipedia2;15;14;B49;PROPN;100
wikipedia2;15;15;“;PUNCT;100
wikipedia2;15;16;);PUNCT;100
wikipedia2;15;17;dr;DET;100
wikipedia2;15;18;erscht;ADJ;100
wikipedia2;15;19;Bànd;NOUN;100
wikipedia2;15;20;ìsch;VERB;100
wikipedia2;15;21;vum;ADP;100
wikipedia2;15;22;Johr;NOUN;100
wikipedia2;15;23;1460;NUM;100
wikipedia2;15;24;.;PUNCT;100
wikipedia2;16;1;S;DET;100
wikipedia2;16;2;Gschaft;NOUN;100
wikipedia2;16;3;vum;ADP;100
wikipedia2;16;4;Johannes;PROPN;100
wikipedia2;16;5;Mentelin;PROPN;100
wikipedia2;16;6;hàt;AUX;100
wikipedia2;16;7;schnall;ADV;100
wikipedia2;16;8;Erfolg;NOUN;100
wikipedia2;16;9;bikumma;VERB;100
wikipedia2;16;10;ar;PRON;100
wikipedia2;16;11;ìsch;AUX;100
wikipedia2;16;12;a;DET;100
wikipedia2;16;13;riicher;ADJ;100
wikipedia2;16;14;Mànn;NOUN;100
wikipedia2;16;15;worra;VERB;100
wikipedia2;16;16;.;PUNCT;100
wikipedia2;17;1;Ànna;ADP;100
wikipedia2;17;2;1466;NUM;100
wikipedia2;17;3;hàt;AUX;100
wikipedia2;17;4;'r;PRON;100
wikipedia2;17;5;sìch;PRON;100
wikipedia2;17;6;sogàr;ADV;100
wikipedia2;17;7;a;DET;100
wikipedia2;17;8;Wàppa;NOUN;100
wikipedia2;17;9;loo;VERB;100
wikipedia2;17;10;màcha;VERB;100
wikipedia2;17;11;.;PUNCT;100
wikipedia2;18;1;Noh;ADP;100
wikipedia2;18;2;ebbena;ADV;100
wikipedia2;18;3;20;NUM;100
wikipedia2;18;4;Johr;NOUN;100
wikipedia2;18;5;Büechdruckarèi;NOUN;100
wikipedia2;18;6;ìsch;AUX;100
wikipedia2;18;7;Mentelin;PROPN;100
wikipedia2;18;8;àm;ADP;100
wikipedia2;18;9;12.;NUM;100
wikipedia2;18;10;Dezamber;NOUN;100
wikipedia2;18;11;1478;NUM;100
wikipedia2;18;12;z';ADP;100
wikipedia2;18;13;Stroßburri;PROPN;100
wikipedia2;18;14;gstorwa;VERB;100
wikipedia2;18;15;.;PUNCT;100
wikipedia2;19;1;Ar;PRON;100
wikipedia2;19;2;ìsch;AUX;100
wikipedia2;19;3;uffem;ADP;100
wikipedia2;19;4;Kirchhof;NOUN;100
wikipedia2;19;5;vu;ADP;100
wikipedia2;19;6;dr;DET;100
wikipedia2;19;7;St.-Michaels-Kapelle;PROPN;100
wikipedia2;19;8;(;PUNCT;100
wikipedia2;19;9;wo;PRON;100
wikipedia2;19;10;'s;PRON;100
wikipedia2;19;11;nìmm;ADV;100
wikipedia2;19;12;gìtt;VERB;100
wikipedia2;19;13;);PUNCT;100
wikipedia2;19;14;vergràwa;VERB;100
wikipedia2;19;15;.;PUNCT;100
wikipedia2;20;1;Speeter;ADV;100
wikipedia2;20;2;ìsch;AUX;100
wikipedia2;20;3;sina;DET;100
wikipedia2;20;4;Laicha;NOUN;100
wikipedia2;20;5;ìn;ADP;100
wikipedia2;20;6;dr;DET;100
wikipedia2;20;7;Stroßburger;ADJ;100
wikipedia2;20;8;Mìnschter;NOUN;100
wikipedia2;20;9;kumma;VERB;100
wikipedia2;20;10;.;PUNCT;100
wikipedia2;21;1;Sina;DET;100
wikipedia2;21;2;zwei;NUM;100
wikipedia2;21;3;Tächter;NOUN;100
wikipedia2;21;4;han;AUX;100
wikipedia2;21;5;d;DET;100
wikipedia2;21;6;Büechdrucker;NOUN;100
wikipedia2;21;7;Martin;PROPN;100
wikipedia2;21;8;Schott;PROPN;100
wikipedia2;21;9;un;CONJ;100
wikipedia2;21;10;Adolf;PROPN;100
wikipedia2;21;11;Rusch;PROPN;100
wikipedia2;21;12;ghirota;VERB;100
wikipedia2;21;13;.;PUNCT;100
wikipedia2;22;1;Dr;DET;100
wikipedia2;22;2;Letzterer;NOUN;100
wikipedia2;22;3;àui;ADV;100
wikipedia2;22;4;„;PUNCT;100
wikipedia2;22;5;Drucker;NOUN;100
wikipedia2;22;6;mìt;ADP;100
wikipedia2;22;7;da;DET;100
wikipedia2;22;8;bizàrra;ADJ;100
wikipedia2;22;9;R;NOUN;100
wikipedia2;22;10;“;PUNCT;100
wikipedia2;22;11;gnannt;VERB;100
wikipedia2;22;12;hàt;AUX;100
wikipedia2;22;13;d;DET;100
wikipedia2;22;14;Leitung;NOUN;100
wikipedia2;22;15;vu;ADP;100
wikipedia2;22;16;dr;DET;100
wikipedia2;22;17;Offizin;NOUN;100
wikipedia2;22;18;ìwergnumma;VERB;100
wikipedia2;22;19;.;PUNCT;100
wikipedia2;23;1;Wark;NOUN;100
wikipedia2;23;2;Ar;PRON;100
wikipedia2;23;3;hàt;AUX;100
wikipedia2;23;4;meischtens;ADV;100
wikipedia2;23;5;Biacher;NOUN;100
wikipedia2;23;6;ìwer;ADP;100
wikipedia2;23;7;Theologie;NOUN;100
wikipedia2;23;8;un;CONJ;100
wikipedia2;23;9;Philosophie;NOUN;100
wikipedia2;23;10;uf;ADP;100
wikipedia2;23;11;Làtiinisch;NOUN;100
wikipedia2;23;12;druckt;VERB;100
wikipedia2;23;13;";";PUNCT;100
wikipedia2;23;14;gstudiarta;ADJ;100
wikipedia2;23;15;Litt;NOUN;100
wikipedia2;23;16;hann;AUX;100
wikipedia2;23;17;d;DET;100
wikipedia2;23;18;Quàlität;NOUN;100
wikipedia2;23;19;vu;ADP;100
wikipedia2;23;20;da;DET;100
wikipedia2;23;21;Text;NOUN;100
wikipedia2;23;22;nohglüegt;VERB;100
wikipedia2;23;23;un;CONJ;100
wikipedia2;23;24;han;AUX;100
wikipedia2;23;25;sa;DET;100
wikipedia2;23;26;verbessert;VERB;100
wikipedia2;23;27;vor;ADP;100
wikipedia2;23;28;em;DET;100
wikipedia2;23;29;Drucka;NOUN;100
wikipedia2;23;30;.;PUNCT;100
wikipedia2;24;1;Uf;ADP;100
wikipedia2;24;2;Hochditsch;NOUN;100
wikipedia2;24;3;hàt;AUX;100
wikipedia2;24;4;'r;PRON;100
wikipedia2;24;5;Literàtur;NOUN;100
wikipedia2;24;6;vum;ADP;100
wikipedia2;24;7;Mìttelàlter;NOUN;100
wikipedia2;24;8;druckt;VERB;100
wikipedia2;24;9;wia;CONJ;100
wikipedia2;24;10;zum;ADP;100
wikipedia2;24;11;Beispiel;NOUN;100
wikipedia2;24;12;„;PUNCT;100
wikipedia2;24;13;Parzival;PROPN;100
wikipedia2;24;14;“;PUNCT;100
wikipedia2;24;15;vum;ADP;100
wikipedia2;24;16;Wolfram;PROPN;100
wikipedia2;24;17;von;ADP;100
wikipedia2;24;18;Eschenbach;PROPN;100
wikipedia2;24;19;un;CONJ;100
wikipedia2;24;20;„;PUNCT;100
wikipedia2;24;21;Titurel;PROPN;100
wikipedia2;24;22;“;PUNCT;100
wikipedia2;24;23;vum;ADP;100
wikipedia2;24;24;Albrecht;PROPN;100
wikipedia2;24;25;von;ADP;100
wikipedia2;24;26;Scharfenberg;PROPN;100
wikipedia2;24;27;.;PUNCT;100
wikipedia2;25;1;Ìm;ADP;100
wikipedia2;25;2;Gsàmta;NOUN;100
wikipedia2;25;3;hàt;AUX;100
wikipedia2;25;4;'r;PRON;100
wikipedia2;25;5;ungfahr;ADV;100
wikipedia2;25;6;40;NUM;100
wikipedia2;25;7;Biacher;NOUN;100
wikipedia2;25;8;unter;ADP;100
wikipedia2;25;9;Duck;NOUN;100
wikipedia2;25;10;gmàcht;VERB;100
wikipedia2;25;11;.;PUNCT;100
wikipedia2;26;1;Bsundersch;ADV;100
wikipedia2;26;2;ìntressànt;ADJ;100
wikipedia2;26;3;ìsch;VERB;100
wikipedia2;26;4;ànna;ADP;100
wikipedia2;26;5;1466;NUM;100
wikipedia2;26;6;si;DET;100
wikipedia2;26;7;Druck;NOUN;100
wikipedia2;26;8;vu;ADP;100
wikipedia2;26;9;dr;DET;100
wikipedia2;26;10;„;PUNCT;100
wikipedia2;26;11;Mentelin-Bibel;PROPN;100
wikipedia2;26;12;“;PUNCT;100
wikipedia2;26;13;ìn;ADP;100
wikipedia2;26;14;Hochditsch;NOUN;100
wikipedia2;26;15;àlso;ADV;100
wikipedia2;26;16;ìn'ra;ADP;100
wikipedia2;26;17;Volkssproch;NOUN;100
wikipedia2;26;18;.;PUNCT;100
wikipedia2;27;1;Dia;DET;100
wikipedia2;27;2;Bibel;NOUN;100
wikipedia2;27;3;ìsch;AUX;100
wikipedia2;27;4;drittzeh;NUM;100
wikipedia2;27;5;Mol;NOUN;100
wikipedia2;27;6;wìdder;ADV;100
wikipedia2;27;7;druckt;VERB;100
wikipedia2;27;8;worra;AUX;100
wikipedia2;27;9;vu;ADP;100
wikipedia2;27;10;verschìedena;ADJ;100
wikipedia2;27;11;Drucker;NOUN;100
wikipedia2;27;12;ìm;ADP;100
wikipedia2;27;13;südditscha;ADJ;100
wikipedia2;27;14;Sprochrüüm;NOUN;100
wikipedia2;27;15;bis;ADP;100
wikipedia2;27;16;d;DET;100
wikipedia2;27;17;Veräffentligung;NOUN;100
wikipedia2;27;18;vu;ADP;100
wikipedia2;27;19;dr;DET;100
wikipedia2;27;20;Luther-Bibel;PROPN;100
wikipedia2;27;21;.;PUNCT;100