corpus_id;sentence_position;word_position;value;postag_id;confidence_score
1;1;1;D';10;10
1;1;2;grìene;1;10
1;1;3;Lìnse;4;10
1;1;4;12;11;10
1;1;5;Stùnde;4;10
1;1;6;làng;1;10
1;1;7;inweiche;1;10
1;1;8;lon;4;10
1;1;9;.;15;10
1;2;1;'s;12;10
1;2;2;Gemìes;4;10
1;2;3;ìn;7;10
1;2;4;kleini;1;10
1;2;5;Vìereck;4;10
1;2;6;odder;9;10
1;2;7;Drejeck;4;10
1;2;8;schniide;6;10
1;2;9;.;15;10
1;3;1;Sie;12;10
1;3;2;ìm;7;10
1;3;3;Bùtter;4;10
1;3;4;schwìtze;6;10
1;3;5;lon;5;10
1;3;6;0;15;10
1;3;7;dànn;2;10
1;3;8;d';10;10
1;3;9;Lìnse;4;10
1;3;10;dezügenn;6;10
1;3;11;.;15;10
1;4;1;Ànderthàlb;4;10
1;4;2;sovìel;1;10
1;4;3;Wàsser;4;10
1;4;4;dezüschìtte;6;10
1;4;5;ùn;9;10
1;4;6;e;10;10
1;4;7;Stùnd;4;10
1;4;8;làng;1;10
1;4;9;kechle;6;10
1;4;10;lon;5;10
1;4;11;.;15;10
1;5;1;De;10;10
1;5;2;Làchs;5;10
1;5;3;rìschte;6;10
1;5;4;ùn;9;10
1;5;5;e;10;10
1;5;6;Träschel;4;10
1;5;7;geraicherter;1;10
1;5;8;Speck;4;10
1;5;9;ùm;7;10
1;5;10;jedes;10;10
1;5;11;Filee;4;10
1;5;12;rùmwìckle;6;10
1;5;13;.;15;10
1;6;1;De;10;10
1;6;2;Rahm;4;10
1;6;3;gùssàrtig;1;10
1;6;4;inkoche;1;10
1;6;5;lon;6;10
1;6;6;.;15;10
1;7;1;Mìt;7;10
1;7;2;Meerretti;4;10
1;7;3;0;15;10
1;7;4;Sàlz;4;10
1;7;5;ùn;9;10
1;7;6;Pfeffer;4;10
1;7;7;üss;7;10
1;7;8;de;5;10
1;7;9;Mìehl;5;10
1;7;10;ànmàche;6;10
1;7;11;.;15;10
1;8;1;D';10;10
1;8;2;gespìckte;1;10
1;8;3;Làchsfilee;4;10
1;8;4;3;11;10
1;8;5;Minüte;4;10
1;8;6;làng;1;10
1;8;7;ànbrote;6;10
1;8;8;.;15;10
1;9;1;Ùf;17;10
1;9;2;e;10;10
1;9;3;Grìeni-Lìnse;4;10
1;9;4;Bett;4;10
1;9;5;leje;6;10
1;9;6;ùn;9;10
1;9;7;d';10;10
1;9;8;Sauce;4;10
1;9;9;drùm;12;10
1;9;10;erùm;7;10
1;9;11;nàppìere;6;10
1;9;12;.;15;10
1;10;1;Mìteme;4;10
1;10;2;bìssele;6;10
1;10;3;Kerwelskrüt;4;10
1;10;4;0;15;10
1;10;5;Tomàte-Wìrfel;4;10
1;10;6;ùn;9;10
1;10;7;zwei;11;10
1;10;8;Gemìes-Strissle;4;10
1;10;9;denäwe;1;10
1;10;10;zìere;6;10
1;10;11;.;15;10
1;11;1;D';10;10
1;11;2;Spàrichle;4;10
1;11;3;schäle;6;10
1;11;4;ùn;9;10
1;11;5;d';10;10
1;11;6;grìene;1;10
1;11;7;Spìtze;4;10
1;11;8;sowie;9;10
1;11;9;'s;12;10
1;11;10;zàrte;6;10
1;11;11;Teil;4;10
1;11;12;vùm;5;10
1;11;13;Stìel;5;10
1;11;14;bhàlte;6;10
1;11;15;.;15;10
1;12;1;Se;12;10
1;12;2;wäsche;6;10
1;12;3;ùn;9;10
1;12;4;se;12;10
1;12;5;ìn;7;10
1;12;6;2;11;10
1;12;7;cm-làngi;1;10
1;12;8;Stìckle;4;10
1;12;9;schniide;6;10
1;12;10;.;15;10
1;13;1;D';10;10
1;13;2;Spàrichle;4;10
1;13;3;ìn;7;10
1;13;4;e;10;10
1;13;5;Sìbb;4;10
1;13;6;üss;7;10
1;13;7;Metàll;5;10
1;13;8;màche;6;10
1;13;9;ùn;9;10
1;13;10;àlles;1;10
1;13;11;zàmme;1;10
1;13;12;5;11;10
1;13;13;Minüte;4;10
1;13;14;làng;6;10
1;13;15;ìn;7;10
1;13;16;kochendem;1;10
1;13;17;Sàlzwàsser;4;10
1;13;18;àbkoche;6;10
1;13;19;.;15;10
1;14;1;Se;12;10
1;14;2;àbtropfe;6;10
1;14;3;lon;4;10
1;14;4;0;15;10
1;14;5;àbkìehle;6;10
1;14;6;0;15;10
1;14;7;wìdder;1;10
1;14;8;àbtropfe;1;10
1;14;9;lon;4;10
1;14;10;.;15;10
1;15;1;Ìnere;1;10
1;15;2;Form;4;10
1;15;3;'s;12;10
1;15;4;Mëhl;4;10
1;15;5;mìt;7;10
1;15;6;de;5;10
1;15;7;Eier;4;10
1;15;8;beàrweite;6;10
1;15;9;0;15;10
1;15;10;mìt;7;10
1;15;11;de;5;10
1;15;12;Mìlich;5;10
1;15;13;ùn'em;6;10
1;15;14;licht;1;10
1;15;15;gschmolzene;1;10
1;15;16;Bùtter;4;10
1;15;17;ànrìehre;6;10
1;15;18;0;15;10
1;15;19;sàlze;6;10
1;15;20;0;15;10
1;15;21;pfeffere;6;10
1;15;22;0;15;10
1;15;23;Mùschkàtnùss;4;10
1;15;24;dezügenn;6;10
1;15;25;.;15;10
1;16;1;De;10;10
1;16;2;Bodde;4;10
1;16;3;vùnere;1;10
1;16;4;Plàtt;4;10
1;16;5;mìt;7;10
1;16;6;Bùtter;4;10
1;16;7;inschmìere;1;10
1;16;8;0;15;10
1;16;9;d';10;10
1;16;10;Spàrichle-Stìckle;4;10
1;16;11;scheen;1;10
1;16;12;ànneleje;6;10
1;16;13;0;15;10
1;16;14;de;5;10
1;16;15;Teig;5;10
1;16;16;drìwwer;1;10
1;16;17;màche;6;10
1;16;18;ùn;9;10
1;16;19;ìn;7;10
1;16;20;heissem;1;10
1;16;21;Offe;4;10
1;16;22;210°;11;10
1;16;23;(;11;10
1;16;24;th7;11;10
1;16;25;);11;10
1;16;26;35;11;10
1;16;27;bis;7;10
1;16;28;40;11;10
1;16;29;Minüte;4;10
1;16;30;koche;6;10
1;16;31;lon;5;10
1;16;32;.;15;10
1;17;1;d';10;10
1;17;2;Erdbeere;4;10
1;17;3;wäsche;6;10
1;17;4;0;15;10
1;17;5;entstìele;6;10
1;17;6;ùn;9;10
1;17;7;ìn;7;10
1;17;8;Vìertel;5;10
1;17;9;schniide;6;10
1;17;10;.;15;10
1;18;1;Fer;7;10
1;18;2;de;5;10
1;18;3;Sabayon;5;10
1;18;4;:;15;10
1;18;5;ìnere;1;10
1;18;6;Kàssroll;4;10
1;18;7;mìt;7;10
1;18;8;dìckem;1;10
1;18;9;Bodde;4;10
1;18;10;(;11;10
1;18;11;odder;9;10
1;18;12;Wàsserbàd;5;10
1;18;13;);6;10
1;18;14;d';10;10
1;18;15;Eigelbe;4;10
1;18;16;ùn;9;10
1;18;17;de;5;10
1;18;18;Puderzùcker;5;10
1;18;19;schlaawe;6;10
1;18;20;.;15;10
1;19;1;Schlaawe;5;10
1;19;2;bis;7;10
1;19;3;dàss;14;10
1;19;4;es;12;10
1;19;5;wiss;17;10
1;19;6;wùrd;17;10
1;19;7;.;15;10
1;20;1;Zwei;11;10
1;20;2;Sùppeleffel;4;10
1;20;3;Wisswin;4;10
1;20;4;dezügenn;1;10
1;20;5;ùn;9;10
1;20;6;wittersch;1;10
1;20;7;zuem;1;10
1;20;8;e;10;10
1;20;9;Schüm;4;10
1;20;10;schlaawe;6;10
1;20;11;.;15;10
1;21;1;Licht;4;10
1;21;2;ànkoche;6;10
1;21;3;lon;5;10
1;21;4;(;11;10
1;21;5;odder;9;10
1;21;6;ìm;7;10
1;21;7;Wàsserbàd;4;10
1;21;8;);5;10
1;21;9;ùn;9;10
1;21;10;debi;5;10
1;21;11;wittersch;1;10
1;21;12;schlaawe;6;10
1;21;13;.;15;10
1;22;1;Nooch;5;10
1;22;2;ùn;9;10
1;22;3;nooch;17;10
1;22;4;de;17;10
1;22;5;Rescht;17;10
1;22;6;Wisswin;17;10
1;22;7;dezügenn;17;10
1;22;8;.;15;10
1;23;1;D';10;10
1;23;2;Mìschùng;4;10
1;23;3;muess;2;10
1;23;4;schümisch;1;10
1;23;5;wëre;6;10
1;23;6;ùn;9;10
1;23;7;sich;12;10
1;23;8;verdopple;6;10
1;23;9;0;15;10
1;23;10;sie;12;10
1;23;11;muess;8;10
1;23;12;àwwer;1;10
1;23;13;nìt;13;10
1;23;14;àbkoche;6;10
1;23;15;.;15;10
1;24;1;Vùm;5;10
1;24;2;Fiir;5;10
1;24;3;ewegnamme;6;10
1;24;4;soboel;1;10
1;24;5;dàss;14;10
1;24;6;de;5;10
1;24;7;Sabayon;5;10
1;24;8;dìck;1;10
1;24;9;genue;1;10
1;24;10;wùrre;1;10
1;24;11;ìsch;8;10
1;24;12;0;15;10
1;24;13;kàlt;6;10
1;24;14;lon;5;10
1;24;15;wëre;6;10
1;24;16;.;15;10
1;25;1;Ìn;7;10
1;25;2;e;10;10
1;25;3;Sàlàdschìssel;4;10
1;25;4;de;5;10
1;25;5;Rahm;5;10
1;25;6;ùn;9;10
1;25;7;de;5;10
1;25;8;Vanill-Zùcker;5;10
1;25;9;schìtte;6;10
1;25;10;.;15;10
1;26;1;Zuere;4;10
1;26;2;e;10;10
1;26;3;Chantilly;4;10
1;26;4;schlaawe;6;10
1;26;5;ùn;9;10
1;26;6;mìtem;1;10
1;26;7;kàlte;1;10
1;26;8;Sabayon;4;10
1;26;9;mìsche;6;10
1;26;10;.;15;10
1;27;1;d';10;10
1;27;2;Rhàbàrwer-Stìckle;4;10
1;27;3;koche;6;10
1;27;4;.;15;10
1;28;1;Se;12;10
1;28;2;ìn;7;10
1;28;3;kleini;1;10
1;28;4;Pfannele;4;10
1;28;5;odder;9;10
1;28;6;ìn;7;10
1;28;7;kleini;1;10
1;28;8;Plättle;4;10
1;28;9;leje;6;10
1;28;10;0;15;10
1;28;11;dànn;2;10
1;28;12;d';10;10
1;28;13;Erdbeere;4;10
1;28;14;drùff;6;10
1;28;15;leje;1;10
1;28;16;.;15;10
1;29;1;Mìtem;1;10
1;29;2;Sabayon;4;10
1;29;3;ìwwerzìehje;6;10
1;29;4;ùn;9;10
1;29;5;mìt;7;10
1;29;6;de;5;10
1;29;7;g'hobelte;1;10
1;29;8;Màndle;4;10
1;29;9;bstraie;6;10
1;29;10;.;15;10
1;1;1;D';10;10
1;1;2;grìene;1;10
1;1;3;Lìnse;1;10
1;1;4;12;11;10
1;1;5;Stùnde;4;10
1;1;6;làng;5;10
1;1;7;inweiche;4;10
1;1;8;lon;6;10
1;1;9;.;15;10
1;2;1;'s;12;10
1;2;2;Gemìes;6;10
1;2;3;ìn;7;10
1;2;4;kleini;5;10
1;2;5;Vìereck;4;10
1;2;6;odder;9;10
1;2;7;Drejeck;4;10
1;2;8;schniide;6;10
1;2;9;.;15;10
1;3;1;Sie;12;10
1;3;2;ìm;7;10
1;3;3;Bùtter;1;10
1;3;4;schwìtze;4;10
1;3;5;lon;6;10
1;3;6;0;15;10
1;3;7;dànn;2;10
1;3;8;d';10;10
1;3;9;Lìnse;1;10
1;3;10;dezügenn;4;10
1;3;11;.;15;10
1;4;1;Ànderthàlb;1;10
1;4;2;sovìel;1;10
1;4;3;Wàsser;4;10
1;4;4;dezüschìtte;1;10
1;4;5;ùn;9;10
1;4;6;e;1;10
1;4;7;Stùnd;5;10
1;4;8;làng;5;10
1;4;9;kechle;4;10
1;4;10;lon;6;10
1;4;11;.;15;10
1;5;1;De;5;10
1;5;2;Làchs;4;10
1;5;3;rìschte;1;10
1;5;4;ùn;9;10
1;5;5;e;1;10
1;5;6;Träschel;4;10
1;5;7;geraicherter;1;10
1;5;8;Speck;4;10
1;5;9;ùm;5;10
1;5;10;jedes;10;10
1;5;11;Filee;4;10
1;5;12;rùmwìckle;6;10
1;5;13;.;15;10
1;6;1;De;5;10
1;6;2;Rahm;4;10
1;6;3;gùssàrtig;1;10
1;6;4;inkoche;4;10
1;6;5;lon;6;10
1;6;6;.;15;10
1;7;1;Mìt;7;10
1;7;2;Meerretti;4;10
1;7;3;0;15;10
1;7;4;Sàlz;4;10
1;7;5;ùn;9;10
1;7;6;Pfeffer;4;10
1;7;7;üss;7;10
1;7;8;de;5;10
1;7;9;Mìehl;5;10
1;7;10;ànmàche;6;10
1;7;11;.;15;10
1;8;1;D';10;10
1;8;2;gespìckte;1;10
1;8;3;Làchsfilee;4;10
1;8;4;3;11;10
1;8;5;Minüte;4;10
1;8;6;làng;5;10
1;8;7;ànbrote;4;10
1;8;8;.;15;10
1;9;1;Ùf;5;10
1;9;2;e;6;10
1;9;3;Grìeni-Lìnse;1;10
1;9;4;Bett;4;10
1;9;5;leje;5;10
1;9;6;ùn;9;10
1;9;7;d';10;10
1;9;8;Sauce;4;10
1;9;9;drùm;2;10
1;9;10;erùm;7;10
1;9;11;nàppìere;6;10
1;9;12;.;15;10
1;10;1;Mìteme;4;10
1;10;2;bìssele;6;10
1;10;3;Kerwelskrüt;4;10
1;10;4;0;15;10
1;10;5;Tomàte-Wìrfel;4;10
1;10;6;ùn;9;10
1;10;7;zwei;11;10
1;10;8;Gemìes-Strissle;4;10
1;10;9;denäwe;6;10
1;10;10;zìere;1;10
1;10;11;.;15;10
1;11;1;D';10;10
1;11;2;Spàrichle;4;10
1;11;3;schäle;6;10
1;11;4;ùn;9;10
1;11;5;d';10;10
1;11;6;grìene;1;10
1;11;7;Spìtze;4;10
1;11;8;sowie;14;10
1;11;9;'s;12;10
1;11;10;zàrte;1;10
1;11;11;Teil;4;10
1;11;12;vùm;5;10
1;11;13;Stìel;4;10
1;11;14;bhàlte;6;10
1;11;15;.;15;10
1;12;1;Se;1;10
1;12;2;wäsche;4;10
1;12;3;ùn;9;10
1;12;4;se;6;10
1;12;5;ìn;7;10
1;12;6;2;11;10
1;12;7;cm-làngi;4;10
1;12;8;Stìckle;5;10
1;12;9;schniide;6;10
1;12;10;.;15;10
1;13;1;D';10;10
1;13;2;Spàrichle;4;10
1;13;3;ìn;7;10
1;13;4;e;1;10
1;13;5;Sìbb;4;10
1;13;6;üss;7;10
1;13;7;Metàll;4;10
1;13;8;màche;1;10
1;13;9;ùn;9;10
1;13;10;àlles;1;10
1;13;11;zàmme;1;10
1;13;12;5;11;10
1;13;13;Minüte;4;10
1;13;14;làng;5;10
1;13;15;ìn;7;10
1;13;16;kochendem;1;10
1;13;17;Sàlzwàsser;4;10
1;13;18;àbkoche;4;10
1;13;19;.;15;10
1;14;1;Se;1;10
1;14;2;àbtropfe;4;10
1;14;3;lon;6;10
1;14;4;0;15;10
1;14;5;àbkìehle;4;10
1;14;6;0;15;10
1;14;7;wìdder;4;10
1;14;8;àbtropfe;6;10
1;14;9;lon;1;10
1;14;10;.;15;10
1;15;1;Ìnere;1;10
1;15;2;Form;4;10
1;15;3;'s;12;10
1;15;4;Mëhl;6;10
1;15;5;mìt;7;10
1;15;6;de;5;10
1;15;7;Eier;4;10
1;15;8;beàrweite;6;10
1;15;9;0;15;10
1;15;10;mìt;7;10
1;15;11;de;5;10
1;15;12;Mìlich;1;10
1;15;13;ùn'em;1;10
1;15;14;licht;1;10
1;15;15;gschmolzene;1;10
1;15;16;Bùtter;4;10
1;15;17;ànrìehre;6;10
1;15;18;0;15;10
1;15;19;sàlze;1;10
1;15;20;0;15;10
1;15;21;pfeffere;1;10
1;15;22;0;15;10
1;15;23;Mùschkàtnùss;1;10
1;15;24;dezügenn;4;10
1;15;25;.;15;10
1;16;1;De;5;10
1;16;2;Bodde;5;10
1;16;3;vùnere;6;10
1;16;4;Plàtt;4;10
1;16;5;mìt;7;10
1;16;6;Bùtter;4;10
1;16;7;inschmìere;6;10
1;16;8;0;15;10
1;16;9;d';10;10
1;16;10;Spàrichle-Stìckle;1;10
1;16;11;scheen;4;10
1;16;12;ànneleje;6;10
1;16;13;0;15;10
1;16;14;de;17;10
1;16;15;Teig;4;10
1;16;16;drìwwer;5;10
1;16;17;màche;6;10
1;16;18;ùn;9;10
1;16;19;ìn;7;10
1;16;20;heissem;1;10
1;16;21;Offe;4;10
1;16;22;210°;1;10
1;16;23;(;15;10
1;16;24;th7;1;10
1;16;25;);15;10
1;16;26;35;11;10
1;16;27;bis;9;10
1;16;28;40;11;10
1;16;29;Minüte;4;10
1;16;30;koche;6;10
1;16;31;lon;1;10
1;16;32;.;15;10
1;17;1;d';10;10
1;17;2;Erdbeere;4;10
1;17;3;wäsche;4;10
1;17;4;0;15;10
1;17;5;entstìele;1;10
1;17;6;ùn;9;10
1;17;7;ìn;7;10
1;17;8;Vìertel;4;10
1;17;9;schniide;6;10
1;17;10;.;15;10
1;18;1;Fer;7;10
1;18;2;de;5;10
1;18;3;Sabayon;5;10
1;18;4;:;15;10
1;18;5;ìnere;1;10
1;18;6;Kàssroll;4;10
1;18;7;mìt;7;10
1;18;8;dìckem;1;10
1;18;9;Bodde;4;10
1;18;10;(;15;10
1;18;11;odder;9;10
1;18;12;Wàsserbàd;6;10
1;18;13;);15;10
1;18;14;d';10;10
1;18;15;Eigelbe;4;10
1;18;16;ùn;9;10
1;18;17;de;5;10
1;18;18;Puderzùcker;4;10
1;18;19;schlaawe;1;10
1;18;20;.;15;10
1;19;1;Schlaawe;4;10
1;19;2;bis;7;10
1;19;3;dàss;14;10
1;19;4;es;12;10
1;19;5;wiss;1;10
1;19;6;wùrd;6;10
1;19;7;.;15;10
1;20;1;Zwei;11;10
1;20;2;Sùppeleffel;4;10
1;20;3;Wisswin;4;10
1;20;4;dezügenn;1;10
1;20;5;ùn;9;10
1;20;6;wittersch;1;10
1;20;7;zuem;1;10
1;20;8;e;1;10
1;20;9;Schüm;4;10
1;20;10;schlaawe;1;10
1;20;11;.;15;10
1;21;1;Licht;4;10
1;21;2;ànkoche;4;10
1;21;3;lon;6;10
1;21;4;(;15;10
1;21;5;odder;9;10
1;21;6;ìm;7;10
1;21;7;Wàsserbàd;1;10
1;21;8;);15;10
1;21;9;ùn;9;10
1;21;10;debi;1;10
1;21;11;wittersch;1;10
1;21;12;schlaawe;4;10
1;21;13;.;15;10
1;22;1;Nooch;1;10
1;22;2;ùn;9;10
1;22;3;nooch;1;10
1;22;4;de;5;10
1;22;5;Rescht;1;10
1;22;6;Wisswin;4;10
1;22;7;dezügenn;6;10
1;22;8;.;15;10
1;23;1;D';10;10
1;23;2;Mìschùng;5;10
1;23;3;muess;5;10
1;23;4;schümisch;1;10
1;23;5;wëre;6;10
1;23;6;ùn;9;10
1;23;7;sich;12;10
1;23;8;verdopple;6;10
1;23;9;0;15;10
1;23;10;sie;12;10
1;23;11;muess;6;10
1;23;12;àwwer;5;10
1;23;13;nìt;13;10
1;23;14;àbkoche;4;10
1;23;15;.;15;10
1;24;1;Vùm;5;10
1;24;2;Fiir;5;10
1;24;3;ewegnamme;6;10
1;24;4;soboel;5;10
1;24;5;dàss;9;10
1;24;6;de;5;10
1;24;7;Sabayon;5;10
1;24;8;dìck;5;10
1;24;9;genue;4;10
1;24;10;wùrre;6;10
1;24;11;ìsch;8;10
1;24;12;0;15;10
1;24;13;kàlt;6;10
1;24;14;lon;5;10
1;24;15;wëre;6;10
1;24;16;.;15;10
1;25;1;Ìn;7;10
1;25;2;e;1;10
1;25;3;Sàlàdschìssel;4;10
1;25;4;de;5;10
1;25;5;Rahm;4;10
1;25;6;ùn;9;10
1;25;7;de;5;10
1;25;8;Vanill-Zùcker;4;10
1;25;9;schìtte;6;10
1;25;10;.;15;10
1;26;1;Zuere;1;10
1;26;2;e;1;10
1;26;3;Chantilly;5;10
1;26;4;schlaawe;1;10
1;26;5;ùn;9;10
1;26;6;mìtem;1;10
1;26;7;kàlte;1;10
1;26;8;Sabayon;4;10
1;26;9;mìsche;6;10
1;26;10;.;15;10
1;27;1;d';10;10
1;27;2;Rhàbàrwer-Stìckle;5;10
1;27;3;koche;6;10
1;27;4;.;15;10
1;28;1;Se;1;10
1;28;2;ìn;7;10
1;28;3;kleini;5;10
1;28;4;Pfannele;5;10
1;28;5;odder;9;10
1;28;6;ìn;7;10
1;28;7;kleini;5;10
1;28;8;Plättle;4;10
1;28;9;leje;5;10
1;28;10;0;15;10
1;28;11;dànn;2;10
1;28;12;d';10;10
1;28;13;Erdbeere;4;10
1;28;14;drùff;6;10
1;28;15;leje;5;10
1;28;16;.;15;10
1;29;1;Mìtem;1;10
1;29;2;Sabayon;4;10
1;29;3;ìwwerzìehje;5;10
1;29;4;ùn;9;10
1;29;5;mìt;7;10
1;29;6;de;5;10
1;29;7;g'hobelte;6;10
1;29;8;Màndle;1;10
1;29;9;bstraie;4;10
1;29;10;.;15;10
2;1;1;S;17;10
2;1;2;elsassischa;1;10
2;1;3;Museum;4;10
2;1;4;vu;7;10
2;1;5;Stroßburri;5;10
2;1;6;ìsch;8;10
2;1;7;a;10;10
2;1;8;Volkstum-Museum;4;10
2;1;9;.;15;10
2;2;1;S;17;10
2;2;2;Lawa;4;10
2;2;3;ìm;7;10
2;2;4;Elsàss;4;10
2;2;5;ìn;7;10
2;2;6;da;10;10
2;2;7;17VIII.;4;10
2;2;8;un;9;10
2;2;9;17I17.;4;10
2;2;10;Johrhundert;5;10
2;2;11;wìrd;5;10
2;2;12;do;17;10
2;2;13;zeigt;6;10
2;2;14;0;15;10
2;2;15;dur;7;10
2;2;16;Tràchta;4;10
2;2;17;0;15;10
2;2;18;Meewel;4;10
2;2;19;0;15;10
2;2;20;Täpfa;4;10
2;2;21;0;15;10
2;2;22;Spìelzig;4;10
2;2;23;0;15;10
2;2;24;Bìlder;4;10
2;2;25;0;15;10
2;2;26;Stuwa;4;10
2;2;27;un;9;10
2;2;28;Àtelier;4;10
2;2;29;wo;2;10
2;2;30;nohgmàcht;6;10
2;2;31;worra;1;10
2;2;32;sìn;8;10
2;2;33;.;15;10
2;3;1;S;17;10
2;3;2;elsassischa;1;10
2;3;3;Museum;4;10
2;3;4;hàt;8;10
2;3;5;aui;5;10
2;3;6;0;15;10
2;3;7;zitter;7;10
2;3;8;'m;10;10
2;3;9;Ààfàng;4;10
2;3;10;0;15;10
2;3;11;a;10;10
2;3;12;großa;1;10
2;3;13;Sàmmlung;4;10
2;3;14;wo-n-ìhm;2;10
2;3;15;d;10;10
2;3;16;Société;4;10
2;3;17;d';10;10
2;3;18;Histoire;4;10
2;3;19;des;10;10
2;3;20;Israélites;4;10
2;3;21;d';10;10
2;3;22;Alsace;5;10
2;3;23;et;17;10
2;3;24;de;17;10
2;3;25;Lorraine;5;10
2;3;26;(;11;10
2;3;27;Gschìchtverein;4;10
2;3;28;vu;7;10
2;3;29;da;10;10
2;3;30;Israelita;4;10
2;3;31;vum;7;10
2;3;32;Elsàss;4;10
2;3;33;un;9;10
2;3;34;vu;7;10
2;3;35;Lothrìnga;5;10
2;3;36;);11;10
2;3;37;gaa;6;10
2;3;38;hàt;8;10
2;3;39;.;15;10
2;4;1;So;2;10
2;4;2;kààt;6;10
2;4;3;ma;12;10
2;4;4;s;12;10
2;4;5;kültürella;1;10
2;4;6;Erbgüet;4;10
2;4;7;vu;7;10
2;4;8;da;10;10
2;4;9;elsassischa;1;10
2;4;10;Juda;5;10
2;4;11;entdecka;6;10
2;4;12;.;15;10
2;5;1;Dàs;10;10
2;5;2;Museum;4;10
2;5;3;befìndet;6;10
2;5;4;sìch;12;10
2;5;5;nawa;7;10
2;5;6;dr;10;10
2;5;7;Ìll;4;10
2;5;8;0;15;10
2;5;9;ìn;7;10
2;5;10;'ma;10;10
2;5;11;Gebäi;4;10
2;5;12;wo;2;10
2;5;13;zu;7;10
2;5;14;da;10;10
2;5;15;monuments;4;10
2;5;16;historiques;1;10
2;5;17;gheert;6;10
2;5;18;0;15;10
2;5;19;àn;7;10
2;5;20;dr;10;10
2;5;21;Àdrass;4;10
2;5;22;:;15;10
2;5;23;23-25;11;10
2;5;24;Place;5;10
2;5;25;du;5;10
2;5;26;Corbeau;5;10
2;5;27;.;15;10
2;6;1;S;17;10
2;6;2;Museum;4;10
2;6;3;ìsch;8;10
2;6;4;àm;7;10
2;6;5;3.;1;10
2;6;6;Novamber;4;10
2;6;7;1902;11;10
2;6;8;grìnda;1;10
2;6;9;worra;1;10
2;6;10;0;15;10
2;6;11;bim;7;10
2;6;12;Notàr;4;10
2;6;13;Alfred;5;10
2;6;14;Ritleng;5;10
2;6;15;z';13;10
2;6;16;Stroßburri;5;10
2;6;17;.;15;10
2;7;1;Bi;7;10
2;7;2;da;10;10
2;7;3;Grìnder;4;10
2;7;4;sìn;8;10
2;7;5;dr;10;10
2;7;6;Pierre;5;10
2;7;7;Bucher;5;10
2;7;8;0;15;10
2;7;9;dr;10;10
2;7;10;Ferdinand;5;10
2;7;11;un;9;10
2;7;12;dr;10;10
2;7;13;Léon;5;10
2;7;14;Dollinger;5;10
2;7;15;0;15;10
2;7;16;dr;10;10
2;7;17;Anselme;5;10
2;7;18;Laugel;5;10
2;7;19;0;15;10
2;7;20;dr;10;10
2;7;21;Gustave;5;10
2;7;22;Stoskopf;4;10
2;7;23;0;15;10
2;7;24;dr;12;10
2;7;25;Fritz;5;10
2;7;26;Kiener;5;10
2;7;27;0;15;10
2;7;28;dr;10;10
2;7;29;Archeologue;4;10
2;7;30;Robert;5;10
2;7;31;Forrer;5;10
2;7;32;un;9;10
2;7;33;dr;10;10
2;7;34;Alfred;5;10
2;7;35;Kassel;5;10
2;7;36;gsìì;8;10
2;7;37;.;15;10
2;8;1;Dr;10;10
2;8;2;Kìnschtler;4;10
2;8;3;Charles;5;10
2;8;4;Spindler;5;10
2;8;5;-;15;10
2;8;6;wo;2;10
2;8;7;bim;7;10
2;8;8;Notàr;4;10
2;8;9;nìt;13;10
2;8;10;derbi;12;10
2;8;11;gsìì;8;10
2;8;12;ìsch;8;10
2;8;13;-;15;10
2;8;14;hàt;8;10
2;8;15;aui;5;10
2;8;16;mìtgmàcht;6;10
2;8;17;:;15;10
2;8;18;ar;12;10
2;8;19;hàt;8;10
2;8;20;d;10;10
2;8;21;Wàsserfàrb-Gmälta;4;10
2;8;22;vum;7;10
2;8;23;Büech;5;10
2;8;24;Costumes;5;10
2;8;25;et;17;10
2;8;26;coutumes;17;10
2;8;27;d’Alsace;17;10
2;8;28;gaa;17;10
2;8;29;0;15;10
2;8;30;un;9;10
2;8;31;hàt;8;10
2;8;32;derfer;12;10
2;8;33;a;10;10
2;8;34;Gschaftsààteil;4;10
2;8;35;vum;7;10
2;8;36;Museum;4;10
2;8;37;bikumma;6;10
2;8;38;.;15;10
2;9;1;Dia;10;10
2;9;2;Bìlder;4;10
2;9;3;sìn;8;10
2;9;4;d;10;10
2;9;5;erschta;1;10
2;9;6;Giater;4;10
2;9;7;vum;7;10
2;9;8;züekìnftiga;1;10
2;9;9;Museum;4;10
2;9;10;gsìì;8;10
2;9;11;.;15;10
2;10;1;Dr;10;10
2;10;2;Goerges;4;10
2;10;3;Ritleng;5;10
2;10;4;ìsch;8;10
2;10;5;Ehrapräsidant;4;10
2;10;6;vum;7;10
2;10;7;Museum;4;10
2;10;8;worra;5;10
2;10;9;.;15;10
2;11;1;S;17;10
2;11;2;Museum;4;10
2;11;3;hàt;8;10
2;11;4;àm;7;10
2;11;5;11.;1;10
2;11;6;Mai;4;10
2;11;7;1907;11;10
2;11;8;ufgmàcht;6;10
2;11;9;.;15;10
2;12;1;Wahrend'm;5;10
2;12;2;erschta;6;10
2;12;3;Waltkriag;4;10
2;12;4;hàt;8;10
2;12;5;d;10;10
2;12;6;ditscha;1;10
2;12;7;Regiarung;4;10
2;12;8;s;12;10
2;12;9;Museum;4;10
2;12;10;züegmàcht;6;10
2;12;11;0;15;10
2;12;12;wial;14;10
2;12;13;'s;12;10
2;12;14;züe;13;10
2;12;15;vìel;6;10
2;12;16;fer;7;10
2;12;17;s;12;10
2;12;18;Frànkrìch;4;10
2;12;19;igstellt;6;10
2;12;20;gsìì;8;10
2;12;21;ìsch;8;10
2;12;22;.;15;10
2;13;1;Ànna;7;10
2;13;2;1917;11;10
2;13;3;hàt;8;10
2;13;4;d;10;10
2;13;5;Stàdt;5;10
2;13;6;Stroßburri;4;10
2;13;7;s;12;10
2;13;8;Museum;4;10
2;13;9;àbkàuift;6;10
2;13;10;.;15;10
2;14;1;Zwei;11;10
2;14;2;Gebäi;4;10
2;14;3;nawadràà;1;10
2;14;4;sìn;8;10
2;14;5;aui;5;10
2;14;6;kàuift;1;10
2;14;7;worra;6;10
2;14;8;0;15;10
2;14;9;s;12;10
2;14;10;Museum;4;10
2;14;11;hàt;8;10
2;14;12;sìch;12;10
2;14;13;vergreeßert;6;10
2;14;14;0;15;10
2;14;15;ìm;7;10
2;14;16;Ràhma;4;10
2;14;17;vu;7;10
2;14;18;da;10;10
2;14;19;Stàdtmuseum;4;10
2;14;20;vu;7;10
2;14;21;Stroßburri;4;10
2;14;22;.;15;10
2;15;1;Zwìscha;7;10
2;15;2;1969;11;10
2;15;3;un;9;10
2;15;4;1985;11;10
2;15;5;hàt;8;10
2;15;6;dr;10;10
2;15;7;Verwàlter;4;10
2;15;8;Georges;5;10
2;15;9;Klein;5;10
2;15;10;Üstellunga;5;10
2;15;11;ìwer;7;10
2;15;12;verschìedena;1;10
2;15;13;Thema;4;10
2;15;14;ufbàuia;1;10
2;15;15;.;15;10
2;16;1;Ar;12;10
2;16;2;hàt;8;10
2;16;3;d;10;10
2;16;4;Entwìcklung;4;10
2;16;5;vum;7;10
2;16;6;Museum;4;10
2;16;7;ìn;7;10
2;16;8;da;10;10
2;16;9;zwei;11;10
2;16;10;Gebäi;4;10
2;16;11;nawadràà;1;10
2;16;12;gfiahrt;6;10
2;16;13;un;9;10
2;16;14;nèia;6;10
2;16;15;Saal;4;10
2;16;16;ufgstellt;6;10
2;16;17;.;15;10
2;17;1;Zwei;11;10
2;17;2;Saal;4;10
2;17;3;ìm;7;10
2;17;4;drìtta;1;10
2;17;5;Stock;4;10
2;17;6;sìn;8;10
2;17;7;làng;1;10
2;17;8;ìm;7;10
2;17;9;Wark;4;10
2;17;10;vum;7;10
2;17;11;Pàschtor;4;10
2;17;12;un;9;10
2;17;13;Pädagoge;4;10
2;17;14;Jean-Frédéric;5;10
2;17;15;Oberlin;5;10
2;17;16;gwìdmet;6;10
2;17;17;gsìì;8;10
2;17;18;.;15;10
2;18;1;Wo;2;10
2;18;2;0;15;10
2;18;3;ànna;7;10
2;18;4;2003;11;10
2;18;5;0;15;10
2;18;6;s;12;10
2;18;7;Museum;4;10
2;18;8;Jean-Frédéric;5;10
2;18;9;Oberlin;5;10
2;18;10;z';13;10
2;18;11;Waldersbach;5;10
2;18;12;ufgmàcht;6;10
2;18;13;hàt;8;10
2;18;14;0;15;10
2;18;15;ìsch;8;10
2;18;16;dia;10;10
2;18;17;Sàmmlung;4;10
2;18;18;därt;1;10
2;18;19;ànakumma;6;10
2;18;20;.;15;10
2;19;1;Noh;7;10
2;19;2;da;10;10
2;19;3;Faschter;4;10
2;19;4;vum;7;10
2;19;5;100.;1;10
2;19;6;Geburstàg;4;10
2;19;7;ànna;7;10
2;19;8;2007;11;10
2;19;9;0;15;10
2;19;10;ìsch;8;10
2;19;11;s;12;10
2;19;12;Museum;4;10
2;19;13;renowiart;6;10
2;19;14;worra;5;10
2;19;15;0;15;10
2;19;16;fer;7;10
2;19;17;ìn;7;10
2;19;18;d;10;10
2;19;19;Sìcherheitsnorma;4;10
2;19;20;ààpàssa;6;10
2;19;21;.;15;10
2;20;1;S;17;10
2;20;2;Museum;4;10
2;20;3;hàt;8;10
2;20;4;àm;7;10
2;20;5;15.;1;10
2;20;6;Oktower;4;10
2;20;7;2008;11;10
2;20;8;wìder;1;10
2;20;9;ufgmàcht;1;10
2;20;10;.;15;10
2;1;1;S;4;10
2;1;2;elsassischa;1;10
2;1;3;Museum;4;10
2;1;4;vu;7;10
2;1;5;Stroßburri;4;10
2;1;6;ìsch;8;10
2;1;7;a;10;10
2;1;8;Volkstum-Museum;4;10
2;1;9;.;15;10
2;2;1;S;4;10
2;2;2;Lawa;5;10
2;2;3;ìm;7;10
2;2;4;Elsàss;4;10
2;2;5;ìn;7;10
2;2;6;da;10;10
2;2;7;17VIII.;5;10
2;2;8;un;9;10
2;2;9;17I17.;5;10
2;2;10;Johrhundert;5;10
2;2;11;wìrd;6;10
2;2;12;do;1;10
2;2;13;zeigt;6;10
2;2;14;0;15;10
2;2;15;dur;7;10
2;2;16;Tràchta;5;10
2;2;17;0;15;10
2;2;18;Meewel;5;10
2;2;19;0;15;10
2;2;20;Täpfa;5;10
2;2;21;0;15;10
2;2;22;Spìelzig;4;10
2;2;23;0;15;10
2;2;24;Bìlder;4;10
2;2;25;0;15;10
2;2;26;Stuwa;4;10
2;2;27;un;9;10
2;2;28;Àtelier;4;10
2;2;29;wo;2;10
2;2;30;nohgmàcht;1;10
2;2;31;worra;4;10
2;2;32;sìn;8;10
2;2;33;.;15;10
2;3;1;S;4;10
2;3;2;elsassischa;1;10
2;3;3;Museum;4;10
2;3;4;hàt;8;10
2;3;5;aui;5;10
2;3;6;0;15;10
2;3;7;zitter;7;10
2;3;8;'m;10;10
2;3;9;Ààfàng;5;10
2;3;10;0;15;10
2;3;11;a;10;10
2;3;12;großa;4;10
2;3;13;Sàmmlung;4;10
2;3;14;wo-n-ìhm;6;10
2;3;15;d;10;10
2;3;16;Société;4;10
2;3;17;d';10;10
2;3;18;Histoire;4;10
2;3;19;des;10;10
2;3;20;Israélites;4;10
2;3;21;d';10;10
2;3;22;Alsace;5;10
2;3;23;et;17;10
2;3;24;de;17;10
2;3;25;Lorraine;5;10
2;3;26;(;15;10
2;3;27;Gschìchtverein;4;10
2;3;28;vu;7;10
2;3;29;da;10;10
2;3;30;Israelita;5;10
2;3;31;vum;7;10
2;3;32;Elsàss;4;10
2;3;33;un;9;10
2;3;34;vu;7;10
2;3;35;Lothrìnga;5;10
2;3;36;);15;10
2;3;37;gaa;5;10
2;3;38;hàt;8;10
2;3;39;.;15;10
2;4;1;So;2;10
2;4;2;kààt;6;10
2;4;3;ma;12;10
2;4;4;s;4;10
2;4;5;kültürella;5;10
2;4;6;Erbgüet;5;10
2;4;7;vu;7;10
2;4;8;da;10;10
2;4;9;elsassischa;5;10
2;4;10;Juda;5;10
2;4;11;entdecka;5;10
2;4;12;.;15;10
2;5;1;Dàs;10;10
2;5;2;Museum;4;10
2;5;3;befìndet;6;10
2;5;4;sìch;12;10
2;5;5;nawa;7;10
2;5;6;dr;10;10
2;5;7;Ìll;1;10
2;5;8;0;15;10
2;5;9;ìn;7;10
2;5;10;'ma;10;10
2;5;11;Gebäi;4;10
2;5;12;wo;2;10
2;5;13;zu;7;10
2;5;14;da;10;10
2;5;15;monuments;1;10
2;5;16;historiques;4;10
2;5;17;gheert;1;10
2;5;18;0;15;10
2;5;19;àn;7;10
2;5;20;dr;10;10
2;5;21;Àdrass;4;10
2;5;22;:;15;10
2;5;23;23-25;11;10
2;5;24;Place;4;10
2;5;25;du;12;10
2;5;26;Corbeau;4;10
2;5;27;.;15;10
2;6;1;S;4;10
2;6;2;Museum;4;10
2;6;3;ìsch;8;10
2;6;4;àm;7;10
2;6;5;3.;1;10
2;6;6;Novamber;4;10
2;6;7;1902;11;10
2;6;8;grìnda;4;10
2;6;9;worra;5;10
2;6;10;0;15;10
2;6;11;bim;7;10
2;6;12;Notàr;4;10
2;6;13;Alfred;5;10
2;6;14;Ritleng;5;10
2;6;15;z';7;10
2;6;16;Stroßburri;4;10
2;6;17;.;15;10
2;7;1;Bi;7;10
2;7;2;da;10;10
2;7;3;Grìnder;4;10
2;7;4;sìn;8;10
2;7;5;dr;10;10
2;7;6;Pierre;5;10
2;7;7;Bucher;5;10
2;7;8;0;15;10
2;7;9;dr;10;10
2;7;10;Ferdinand;5;10
2;7;11;un;9;10
2;7;12;dr;10;10
2;7;13;Léon;4;10
2;7;14;Dollinger;4;10
2;7;15;0;15;10
2;7;16;dr;10;10
2;7;17;Anselme;4;10
2;7;18;Laugel;4;10
2;7;19;0;15;10
2;7;20;dr;12;10
2;7;21;Gustave;5;10
2;7;22;Stoskopf;4;10
2;7;23;0;15;10
2;7;24;dr;12;10
2;7;25;Fritz;5;10
2;7;26;Kiener;5;10
2;7;27;0;15;10
2;7;28;dr;10;10
2;7;29;Archeologue;4;10
2;7;30;Robert;5;10
2;7;31;Forrer;5;10
2;7;32;un;9;10
2;7;33;dr;10;10
2;7;34;Alfred;5;10
2;7;35;Kassel;5;10
2;7;36;gsìì;8;10
2;7;37;.;15;10
2;8;1;Dr;10;10
2;8;2;Kìnschtler;4;10
2;8;3;Charles;5;10
2;8;4;Spindler;4;10
2;8;5;-;15;10
2;8;6;wo;2;10
2;8;7;bim;7;10
2;8;8;Notàr;4;10
2;8;9;nìt;13;10
2;8;10;derbi;2;10
2;8;11;gsìì;8;10
2;8;12;ìsch;8;10
2;8;13;-;15;10
2;8;14;hàt;8;10
2;8;15;aui;5;10
2;8;16;mìtgmàcht;6;10
2;8;17;:;15;10
2;8;18;ar;12;10
2;8;19;hàt;8;10
2;8;20;d;10;10
2;8;21;Wàsserfàrb-Gmälta;4;10
2;8;22;vum;7;10
2;8;23;Büech;4;10
2;8;24;Costumes;4;10
2;8;25;et;17;10
2;8;26;coutumes;4;10
2;8;27;d’Alsace;5;10
2;8;28;gaa;5;10
2;8;29;0;15;10
2;8;30;un;9;10
2;8;31;hàt;8;10
2;8;32;derfer;2;10
2;8;33;a;10;10
2;8;34;Gschaftsààteil;4;10
2;8;35;vum;7;10
2;8;36;Museum;4;10
2;8;37;bikumma;5;10
2;8;38;.;15;10
2;9;1;Dia;10;10
2;9;2;Bìlder;4;10
2;9;3;sìn;8;10
2;9;4;d;10;10
2;9;5;erschta;5;10
2;9;6;Giater;4;10
2;9;7;vum;7;10
2;9;8;züekìnftiga;5;10
2;9;9;Museum;4;10
2;9;10;gsìì;8;10
2;9;11;.;15;10
2;10;1;Dr;10;10
2;10;2;Goerges;4;10
2;10;3;Ritleng;5;10
2;10;4;ìsch;8;10
2;10;5;Ehrapräsidant;4;10
2;10;6;vum;7;10
2;10;7;Museum;4;10
2;10;8;worra;5;10
2;10;9;.;15;10
2;11;1;S;4;10
2;11;2;Museum;4;10
2;11;3;hàt;8;10
2;11;4;àm;7;10
2;11;5;11.;1;10
2;11;6;Mai;4;10
2;11;7;1907;11;10
2;11;8;ufgmàcht;6;10
2;11;9;.;15;10
2;12;1;Wahrend'm;5;10
2;12;2;erschta;5;10
2;12;3;Waltkriag;4;10
2;12;4;hàt;8;10
2;12;5;d;10;10
2;12;6;ditscha;4;10
2;12;7;Regiarung;4;10
2;12;8;s;4;10
2;12;9;Museum;4;10
2;12;10;züegmàcht;6;10
2;12;11;0;15;10
2;12;12;wial;14;10
2;12;13;'s;12;10
2;12;14;züe;13;10
2;12;15;vìel;1;10
2;12;16;fer;7;10
2;12;17;s;4;10
2;12;18;Frànkrìch;4;10
2;12;19;igstellt;6;10
2;12;20;gsìì;8;10
2;12;21;ìsch;8;10
2;12;22;.;15;10
2;13;1;Ànna;7;10
2;13;2;1917;11;10
2;13;3;hàt;8;10
2;13;4;d;10;10
2;13;5;Stàdt;1;10
2;13;6;Stroßburri;4;10
2;13;7;s;4;10
2;13;8;Museum;4;10
2;13;9;àbkàuift;6;10
2;13;10;.;15;10
2;14;1;Zwei;11;10
2;14;2;Gebäi;4;10
2;14;3;nawadràà;1;10
2;14;4;sìn;8;10
2;14;5;aui;5;10
2;14;6;kàuift;1;10
2;14;7;worra;4;10
2;14;8;0;15;10
2;14;9;s;4;10
2;14;10;Museum;4;10
2;14;11;hàt;8;10
2;14;12;sìch;12;10
2;14;13;vergreeßert;6;10
2;14;14;0;15;10
2;14;15;ìm;7;10
2;14;16;Ràhma;4;10
2;14;17;vu;7;10
2;14;18;da;10;10
2;14;19;Stàdtmuseum;4;10
2;14;20;vu;7;10
2;14;21;Stroßburri;4;10
2;14;22;.;15;10
2;15;1;Zwìscha;7;10
2;15;2;1969;11;10
2;15;3;un;9;10
2;15;4;1985;11;10
2;15;5;hàt;8;10
2;15;6;dr;10;10
2;15;7;Verwàlter;4;10
2;15;8;Georges;5;10
2;15;9;Klein;5;10
2;15;10;Üstellunga;5;10
2;15;11;ìwer;7;10
2;15;12;verschìedena;5;10
2;15;13;Thema;4;10
2;15;14;ufbàuia;5;10
2;15;15;.;15;10
2;16;1;Ar;12;10
2;16;2;hàt;8;10
2;16;3;d;10;10
2;16;4;Entwìcklung;4;10
2;16;5;vum;7;10
2;16;6;Museum;4;10
2;16;7;ìn;7;10
2;16;8;da;10;10
2;16;9;zwei;11;10
2;16;10;Gebäi;4;10
2;16;11;nawadràà;1;10
2;16;12;gfiahrt;1;10
2;16;13;un;9;10
2;16;14;nèia;1;10
2;16;15;Saal;4;10
2;16;16;ufgstellt;6;10
2;16;17;.;15;10
2;17;1;Zwei;11;10
2;17;2;Saal;4;10
2;17;3;ìm;7;10
2;17;4;drìtta;5;10
2;17;5;Stock;4;10
2;17;6;sìn;8;10
2;17;7;làng;5;10
2;17;8;ìm;7;10
2;17;9;Wark;4;10
2;17;10;vum;7;10
2;17;11;Pàschtor;4;10
2;17;12;un;9;10
2;17;13;Pädagoge;4;10
2;17;14;Jean-Frédéric;5;10
2;17;15;Oberlin;5;10
2;17;16;gwìdmet;6;10
2;17;17;gsìì;8;10
2;17;18;.;15;10
2;18;1;Wo;2;10
2;18;2;0;15;10
2;18;3;ànna;7;10
2;18;4;2003;11;10
2;18;5;0;15;10
2;18;6;s;4;10
2;18;7;Museum;4;10
2;18;8;Jean-Frédéric;5;10
2;18;9;Oberlin;5;10
2;18;10;z';7;10
2;18;11;Waldersbach;4;10
2;18;12;ufgmàcht;6;10
2;18;13;hàt;8;10
2;18;14;0;15;10
2;18;15;ìsch;8;10
2;18;16;dia;10;10
2;18;17;Sàmmlung;4;10
2;18;18;därt;6;10
2;18;19;ànakumma;5;10
2;18;20;.;15;10
2;19;1;Noh;7;10
2;19;2;da;10;10
2;19;3;Faschter;4;10
2;19;4;vum;7;10
2;19;5;100.;1;10
2;19;6;Geburstàg;4;10
2;19;7;ànna;7;10
2;19;8;2007;11;10
2;19;9;0;15;10
2;19;10;ìsch;8;10
2;19;11;s;4;10
2;19;12;Museum;4;10
2;19;13;renowiart;1;10
2;19;14;worra;4;10
2;19;15;0;15;10
2;19;16;fer;7;10
2;19;17;ìn;7;10
2;19;18;d;10;10
2;19;19;Sìcherheitsnorma;4;10
2;19;20;ààpàssa;5;10
2;19;21;.;15;10
2;20;1;S;4;10
2;20;2;Museum;4;10
2;20;3;hàt;8;10
2;20;4;àm;7;10
2;20;5;15.;1;10
2;20;6;Oktower;4;10
2;20;7;2008;11;10
2;20;8;wìder;6;10
2;20;9;ufgmàcht;1;10
2;20;10;.;15;10
3;1;1;Johannes;5;10
3;1;2;Mentelin;5;10
3;1;3;Dr;10;10
3;1;4;Johannes;5;10
3;1;5;Mentelin;5;10
3;1;6;mankmol;1;10
3;1;7;àui;1;10
3;1;8;Mentlin;5;10
3;1;9;gnannt;6;10
3;1;10;(;11;10
3;1;11;*;17;10
3;1;12;um;7;10
3;1;13;1410;11;10
3;1;14;z';13;10
3;1;15;Schlettstàdt;6;10
3;1;16;";";17;10
3;1;17;†;11;10
3;1;18;12.;1;10
3;1;19;Dezamber;4;10
3;1;20;1478;11;10
3;1;21;z';13;10
3;1;22;Stroßburri;5;10
3;1;23;);5;10
3;1;24;ìsch;8;10
3;1;25;ìn;7;10
3;1;26;dr;10;10
3;1;27;Zitt;4;10
3;1;28;vu;7;10
3;1;29;da;10;10
3;1;30;Ìnkunàwel;4;10
3;1;31;a;10;10
3;1;32;ditscher;1;10
3;1;33;Büechdrucker;4;10
3;1;34;un;9;10
3;1;35;Büechhàndler;4;10
3;1;36;gsìì;8;10
3;1;37;.;15;10
3;2;1;Ànna;7;10
3;2;2;1466;11;10
3;2;3;hàt;8;10
3;2;4;'r;12;10
3;2;5;d;10;10
3;2;6;erschta;1;10
3;2;7;druckta;1;10
3;2;8;Bibel;4;10
3;2;9;ìn;7;10
3;2;10;hochditscha;1;10
3;2;11;Sproch;4;10
3;2;12;(;11;10
3;2;13;Mentelin-Bibel;4;10
3;2;14;);11;10
3;2;15;veräffentligt;6;10
3;2;16;.;15;10
3;3;1;Lawa;5;10
3;3;2;Dr;10;10
3;3;3;Johannes;5;10
3;3;4;Mentelin;5;10
3;3;5;ìsch;8;10
3;3;6;ànna;7;10
3;3;7;1440;11;10
3;3;8;uf;7;10
3;3;9;Stroßburri;4;10
3;3;10;kumma;6;10
3;3;11;.;15;10
3;4;1;Àls;5;10
3;4;2;Berüef;5;10
3;4;3;ìsch;8;10
3;4;4;'r;12;10
3;4;5;zeerscht;6;10
3;4;6;„;11;10
3;4;7;Guldschriiwer;4;10
3;4;8;“;11;10
3;4;9;(;11;10
3;4;10;Kalligraph;4;10
3;4;11;un;9;10
3;4;12;Büechschriiwer;4;10
3;4;13;);11;10
3;4;14;gsìì;8;10
3;4;15;un;9;10
3;4;16;hàt;8;10
3;4;17;noochhar;1;10
3;4;18;àls;2;10
3;4;19;bìschäfliger;1;10
3;4;20;Notàr;4;10
3;4;21;gschàft;6;10
3;4;22;.;15;10
3;5;1;Dr;10;10
3;5;2;Mentelin;5;10
3;5;3;hàt;8;10
3;5;4;sina;10;10
3;5;5;Stroßburger;1;10
3;5;6;Druckarèi;4;10
3;5;7;àm;7;10
3;5;8;And;4;10
3;5;9;vu;7;10
3;5;10;da;10;10
3;5;11;1450;11;10
3;5;12;Johra;4;10
3;5;13;grìnda;1;10
3;5;14;.;15;10
3;6;1;Ìm;7;10
3;6;2;Mìttelàlter;4;10
3;6;3;hàt;8;10
3;6;4;ma;12;10
3;6;5;„;1;10
3;6;6;Offizin;4;10
3;6;7;“;11;10
3;6;8;gsajt;6;10
3;6;9;fer;7;10
3;6;10;a;10;10
3;6;11;Büechdruckarèi;4;10
3;6;12;.;15;10
3;7;1;Ma;12;10
3;7;2;weiß;6;10
3;7;3;nìt;13;10
3;7;4;gnàui;6;10
3;7;5;wo;2;10
3;7;6;un;9;10
3;7;7;wenn;14;10
3;7;8;àss;14;10
3;7;9;er;12;10
3;7;10;d;10;10
3;7;11;Technik;4;10
3;7;12;vum;7;10
3;7;13;Büechdrucka;4;10
3;7;14;glehrt;6;10
3;7;15;hàt;8;10
3;7;16;.;15;10
3;8;1;Sallamols;4;10
3;8;2;ìsch;8;10
3;8;3;nur;2;10
3;8;4;z';7;10
3;8;5;Mainz;5;10
3;8;6;druckt;6;10
3;8;7;worra;5;10
3;8;8;.;15;10
3;9;1;Sina;10;10
3;9;2;Kenntnissa;4;10
3;9;3;hàt;8;10
3;9;4;'r;12;10
3;9;5;àlso;2;10
3;9;6;känna;1;10
3;9;7;lehra;6;10
3;9;8;antwader;9;10
3;9;9;direkt;1;10
3;9;10;z';7;10
3;9;11;Mainz;5;10
3;9;12;oder;9;10
3;9;13;dur;7;10
3;9;14;ebber;1;10
3;9;15;wo-n-;10;10
3;9;16;ìhm;12;10
3;9;17;dàs;12;10
3;9;18;zeigt;6;10
3;9;19;hàt;8;10
3;9;20;vìllìcht;6;10
3;9;21;dr;10;10
3;9;22;Heinrich;5;10
3;9;23;Eggestein;5;10
3;9;24;.;15;10
3;10;1;Denn;9;10
3;10;2;dr;10;10
3;10;3;Heinrich;5;10
3;10;4;Eggestein;5;10
3;10;5;hàt;8;10
3;10;6;meegligerwiis;1;10
3;10;7;z';7;10
3;10;8;Mainz;5;10
3;10;9;vum;7;10
3;10;10;Johann;5;10
3;10;11;Gutenberg;5;10
3;10;12;s;12;10
3;10;13;Büechdrucka;4;10
3;10;14;glehrt;6;10
3;10;15;.;15;10
3;11;1;Dr;10;10
3;11;2;Eggestein;4;10
3;11;3;hàt;8;10
3;11;4;schiint;1;10
3;11;5;'s;12;10
3;11;6;sina;10;10
3;11;7;eigena;1;10
3;11;8;Offizin;4;10
3;11;9;erscht;6;10
3;11;10;ìn;7;10
3;11;11;dr;10;10
3;11;12;Mìttla;4;10
3;11;13;vu;7;10
3;11;14;da;10;10
3;11;15;1460.;1;10
3;11;16;Johra;4;10
3;11;17;igrìchta;6;10
3;11;18;.;15;10
3;12;1;Wenn;14;10
3;12;2;dàs;10;10
3;12;3;stìmmt;1;10
3;12;4;war;8;10
3;12;5;àlso;2;10
3;12;6;dr;10;10
3;12;7;Johannes;5;10
3;12;8;Mentelin;5;10
3;12;9;noch;9;10
3;12;10;vor;7;10
3;12;11;em;10;10
3;12;12;Heinrich;5;10
3;12;13;Eggestein;5;10
3;12;14;dr;10;10
3;12;15;erscht;6;10
3;12;16;Büechdrucker;4;10
3;12;17;vu;7;10
3;12;18;Stroßburri;5;10
3;12;19;gsìì;8;10
3;12;20;.;15;10
3;13;1;Dr;10;10
3;13;2;erscht;6;10
3;13;3;Druck;4;10
3;13;4;wo;2;10
3;13;5;ma;12;10
3;13;6;vum;7;10
3;13;7;Nàma;5;10
3;13;8;Mentelin;5;10
3;13;9;erfàhrt;6;10
3;13;10;ìsch;8;10
3;13;11;„;11;10
3;13;12;Augustinus';4;10
3;13;13;Tractatus;4;10
3;13;14;de;5;10
3;13;15;arte;5;10
3;13;16;praedicandi;1;10
3;13;17;“;6;10
3;13;18;ìm;7;10
3;13;19;Johr;4;10
3;13;20;1465;11;10
3;13;21;.;15;10
3;14;1;Àwer;9;10
3;14;2;Johannes;5;10
3;14;3;Mentelin;5;10
3;14;4;hàt;8;10
3;14;5;wohrschins;2;10
3;14;6;scho;2;10
3;14;7;zìmlig;2;10
3;14;8;friajher;1;10
3;14;9;fànga-n-à;4;10
3;14;10;drucka;6;10
3;14;11;sogàr;9;10
3;14;12;scho;2;10
3;14;13;ànna;7;10
3;14;14;1458;11;10
3;14;15;.;15;10
3;15;1;Si;12;10
3;15;2;ältschta;1;10
3;15;3;bekànnta;6;10
3;15;4;Druckwark;5;10
3;15;5;ìsch;8;10
3;15;6;a;10;10
3;15;7;làtiinischa;1;10
3;15;8;Bibel;4;10
3;15;9;ìn;7;10
3;15;10;49;11;10
3;15;11;Ziila;4;10
3;15;12;(;17;10
3;15;13;„;17;10
3;15;14;B49;17;10
3;15;15;“;17;10
3;15;16;);17;10
3;15;17;dr;10;10
3;15;18;erscht;6;10
3;15;19;Bànd;5;10
3;15;20;ìsch;8;10
3;15;21;vum;7;10
3;15;22;Johr;4;10
3;15;23;1460;11;10
3;15;24;.;15;10
3;16;1;S;17;10
3;16;2;Gschaft;4;10
3;16;3;vum;7;10
3;16;4;Johannes;5;10
3;16;5;Mentelin;5;10
3;16;6;hàt;8;10
3;16;7;schnall;10;10
3;16;8;Erfolg;4;10
3;16;9;bikumma;6;10
3;16;10;ar;12;10
3;16;11;ìsch;8;10
3;16;12;a;10;10
3;16;13;riicher;1;10
3;16;14;Mànn;4;10
3;16;15;worra;5;10
3;16;16;.;15;10
3;17;1;Ànna;7;10
3;17;2;1466;11;10
3;17;3;hàt;8;10
3;17;4;'r;12;10
3;17;5;sìch;12;10
3;17;6;sogàr;2;10
3;17;7;a;10;10
3;17;8;Wàppa;4;10
3;17;9;loo;2;10
3;17;10;màcha;1;10
3;17;11;.;15;10
3;18;1;Noh;7;10
3;18;2;ebbena;2;10
3;18;3;20;11;10
3;18;4;Johr;4;10
3;18;5;Büechdruckarèi;4;10
3;18;6;ìsch;8;10
3;18;7;Mentelin;5;10
3;18;8;àm;7;10
3;18;9;12.;1;10
3;18;10;Dezamber;4;10
3;18;11;1478;11;10
3;18;12;z';13;10
3;18;13;Stroßburri;5;10
3;18;14;gstorwa;6;10
3;18;15;.;15;10
3;19;1;Ar;12;10
3;19;2;ìsch;8;10
3;19;3;uffem;1;10
3;19;4;Kirchhof;4;10
3;19;5;vu;7;10
3;19;6;dr;10;10
3;19;7;St.-Michaels-Kapelle;4;10
3;19;8;(;11;10
3;19;9;wo;2;10
3;19;10;'s;12;10
3;19;11;nìmm;1;10
3;19;12;gìtt;1;10
3;19;13;);1;10
3;19;14;vergràwa;6;10
3;19;15;.;15;10
3;20;1;Speeter;4;10
3;20;2;ìsch;8;10
3;20;3;sina;10;10
3;20;4;Laicha;4;10
3;20;5;ìn;7;10
3;20;6;dr;10;10
3;20;7;Stroßburger;1;10
3;20;8;Mìnschter;4;10
3;20;9;kumma;6;10
3;20;10;.;15;10
3;21;1;Sina;10;10
3;21;2;zwei;11;10
3;21;3;Tächter;4;10
3;21;4;han;8;10
3;21;5;d;10;10
3;21;6;Büechdrucker;4;10
3;21;7;Martin;5;10
3;21;8;Schott;5;10
3;21;9;un;9;10
3;21;10;Adolf;5;10
3;21;11;Rusch;5;10
3;21;12;ghirota;6;10
3;21;13;.;15;10
3;22;1;Dr;10;10
3;22;2;Letzterer;4;10
3;22;3;àui;9;10
3;22;4;„;11;10
3;22;5;Drucker;4;10
3;22;6;mìt;7;10
3;22;7;da;10;10
3;22;8;bizàrra;1;10
3;22;9;R;4;10
3;22;10;“;11;10
3;22;11;gnannt;6;10
3;22;12;hàt;8;10
3;22;13;d;10;10
3;22;14;Leitung;4;10
3;22;15;vu;7;10
3;22;16;dr;10;10
3;22;17;Offizin;4;10
3;22;18;ìwergnumma;6;10
3;22;19;.;15;10
3;23;1;Wark;5;10
3;23;2;Ar;12;10
3;23;3;hàt;8;10
3;23;4;meischtens;2;10
3;23;5;Biacher;4;10
3;23;6;ìwer;7;10
3;23;7;Theologie;4;10
3;23;8;un;9;10
3;23;9;Philosophie;4;10
3;23;10;uf;7;10
3;23;11;Làtiinisch;4;10
3;23;12;druckt;6;10
3;23;13;";";17;10
3;23;14;gstudiarta;1;10
3;23;15;Litt;6;10
3;23;16;hann;8;10
3;23;17;d;10;10
3;23;18;Quàlität;4;10
3;23;19;vu;7;10
3;23;20;da;10;10
3;23;21;Text;4;10
3;23;22;nohglüegt;6;10
3;23;23;un;9;10
3;23;24;han;8;10
3;23;25;sa;1;10
3;23;26;verbessert;6;10
3;23;27;vor;7;10
3;23;28;em;10;10
3;23;29;Drucka;5;10
3;23;30;.;15;10
3;24;1;Uf;7;10
3;24;2;Hochditsch;4;10
3;24;3;hàt;8;10
3;24;4;'r;12;10
3;24;5;Literàtur;4;10
3;24;6;vum;7;10
3;24;7;Mìttelàlter;4;10
3;24;8;druckt;6;10
3;24;9;wia;2;10
3;24;10;zum;7;10
3;24;11;Beispiel;4;10
3;24;12;„;11;10
3;24;13;Parzival;4;10
3;24;14;“;11;10
3;24;15;vum;7;10
3;24;16;Wolfram;5;10
3;24;17;von;7;10
3;24;18;Eschenbach;5;10
3;24;19;un;9;10
3;24;20;„;5;10
3;24;21;Titurel;5;10
3;24;22;“;5;10
3;24;23;vum;7;10
3;24;24;Albrecht;5;10
3;24;25;von;7;10
3;24;26;Scharfenberg;5;10
3;24;27;.;15;10
3;25;1;Ìm;7;10
3;25;2;Gsàmta;5;10
3;25;3;hàt;8;10
3;25;4;'r;12;10
3;25;5;ungfahr;1;10
3;25;6;40;11;10
3;25;7;Biacher;4;10
3;25;8;unter;7;10
3;25;9;Duck;5;10
3;25;10;gmàcht;6;10
3;25;11;.;15;10
3;26;1;Bsundersch;4;10
3;26;2;ìntressànt;1;10
3;26;3;ìsch;8;10
3;26;4;ànna;7;10
3;26;5;1466;11;10
3;26;6;si;12;10
3;26;7;Druck;4;10
3;26;8;vu;7;10
3;26;9;dr;10;10
3;26;10;„;1;10
3;26;11;Mentelin-Bibel;4;10
3;26;12;“;6;10
3;26;13;ìn;7;10
3;26;14;Hochditsch;5;10
3;26;15;àlso;5;10
3;26;16;ìn'ra;5;10
3;26;17;Volkssproch;5;10
3;26;18;.;15;10
3;27;1;Dia;10;10
3;27;2;Bibel;4;10
3;27;3;ìsch;8;10
3;27;4;drittzeh;2;10
3;27;5;Mol;5;10
3;27;6;wìdder;1;10
3;27;7;druckt;6;10
3;27;8;worra;5;10
3;27;9;vu;7;10
3;27;10;verschìedena;1;10
3;27;11;Drucker;4;10
3;27;12;ìm;7;10
3;27;13;südditscha;1;10
3;27;14;Sprochrüüm;4;10
3;27;15;bis;14;10
3;27;16;d;10;10
3;27;17;Veräffentligung;4;10
3;27;18;vu;7;10
3;27;19;dr;10;10
3;27;20;Luther-Bibel;4;10
3;27;21;.;15;10
3;1;1;Johannes;5;10
3;1;2;Mentelin;4;10
3;1;3;Dr;10;10
3;1;4;Johannes;5;10
3;1;5;Mentelin;5;10
3;1;6;mankmol;5;10
3;1;7;àui;5;10
3;1;8;Mentlin;5;10
3;1;9;gnannt;1;10
3;1;10;(;15;10
3;1;11;*;17;10
3;1;12;um;7;10
3;1;13;1410;11;10
3;1;14;z';7;10
3;1;15;Schlettstàdt;4;10
3;1;16;";";17;10
3;1;17;†;1;10
3;1;18;12.;1;10
3;1;19;Dezamber;5;10
3;1;20;1478;11;10
3;1;21;z';7;10
3;1;22;Stroßburri;4;10
3;1;23;);15;10
3;1;24;ìsch;8;10
3;1;25;ìn;7;10
3;1;26;dr;10;10
3;1;27;Zitt;4;10
3;1;28;vu;7;10
3;1;29;da;10;10
3;1;30;Ìnkunàwel;1;10
3;1;31;a;10;10
3;1;32;ditscher;1;10
3;1;33;Büechdrucker;4;10
3;1;34;un;9;10
3;1;35;Büechhàndler;4;10
3;1;36;gsìì;8;10
3;1;37;.;15;10
3;2;1;Ànna;7;10
3;2;2;1466;11;10
3;2;3;hàt;8;10
3;2;4;'r;12;10
3;2;5;d;10;10
3;2;6;erschta;5;10
3;2;7;druckta;1;10
3;2;8;Bibel;4;10
3;2;9;ìn;7;10
3;2;10;hochditscha;5;10
3;2;11;Sproch;4;10
3;2;12;(;15;10
3;2;13;Mentelin-Bibel;4;10
3;2;14;);15;10
3;2;15;veräffentligt;6;10
3;2;16;.;15;10
3;3;1;Lawa;5;10
3;3;2;Dr;10;10
3;3;3;Johannes;5;10
3;3;4;Mentelin;5;10
3;3;5;ìsch;8;10
3;3;6;ànna;7;10
3;3;7;1440;11;10
3;3;8;uf;7;10
3;3;9;Stroßburri;4;10
3;3;10;kumma;1;10
3;3;11;.;15;10
3;4;1;Àls;5;10
3;4;2;Berüef;5;10
3;4;3;ìsch;8;10
3;4;4;'r;12;10
3;4;5;zeerscht;1;10
3;4;6;„;4;10
3;4;7;Guldschriiwer;5;10
3;4;8;“;1;10
3;4;9;(;15;10
3;4;10;Kalligraph;4;10
3;4;11;un;9;10
3;4;12;Büechschriiwer;4;10
3;4;13;);15;10
3;4;14;gsìì;8;10
3;4;15;un;9;10
3;4;16;hàt;8;10
3;4;17;noochhar;5;10
3;4;18;àls;5;10
3;4;19;bìschäfliger;1;10
3;4;20;Notàr;4;10
3;4;21;gschàft;6;10
3;4;22;.;15;10
3;5;1;Dr;10;10
3;5;2;Mentelin;4;10
3;5;3;hàt;8;10
3;5;4;sina;10;10
3;5;5;Stroßburger;4;10
3;5;6;Druckarèi;4;10
3;5;7;àm;7;10
3;5;8;And;5;10
3;5;9;vu;7;10
3;5;10;da;10;10
3;5;11;1450;11;10
3;5;12;Johra;4;10
3;5;13;grìnda;5;10
3;5;14;.;15;10
3;6;1;Ìm;7;10
3;6;2;Mìttelàlter;4;10
3;6;3;hàt;8;10
3;6;4;ma;12;10
3;6;5;„;1;10
3;6;6;Offizin;4;10
3;6;7;“;4;10
3;6;8;gsajt;6;10
3;6;9;fer;7;10
3;6;10;a;10;10
3;6;11;Büechdruckarèi;4;10
3;6;12;.;15;10
3;7;1;Ma;12;10
3;7;2;weiß;6;10
3;7;3;nìt;13;10
3;7;4;gnàui;1;10
3;7;5;wo;2;10
3;7;6;un;9;10
3;7;7;wenn;14;10
3;7;8;àss;14;10
3;7;9;er;12;10
3;7;10;d;10;10
3;7;11;Technik;4;10
3;7;12;vum;7;10
3;7;13;Büechdrucka;5;10
3;7;14;glehrt;6;10
3;7;15;hàt;8;10
3;7;16;.;15;10
3;8;1;Sallamols;5;10
3;8;2;ìsch;8;10
3;8;3;nur;2;10
3;8;4;z';7;10
3;8;5;Mainz;5;10
3;8;6;druckt;6;10
3;8;7;worra;5;10
3;8;8;.;15;10
3;9;1;Sina;10;10
3;9;2;Kenntnissa;4;10
3;9;3;hàt;8;10
3;9;4;'r;12;10
3;9;5;àlso;5;10
3;9;6;känna;5;10
3;9;7;lehra;5;10
3;9;8;antwader;4;10
3;9;9;direkt;1;10
3;9;10;z';7;10
3;9;11;Mainz;5;10
3;9;12;oder;9;10
3;9;13;dur;7;10
3;9;14;ebber;1;10
3;9;15;wo-n-;12;10
3;9;16;ìhm;12;10
3;9;17;dàs;12;10
3;9;18;zeigt;6;10
3;9;19;hàt;8;10
3;9;20;vìllìcht;6;10
3;9;21;dr;10;10
3;9;22;Heinrich;5;10
3;9;23;Eggestein;5;10
3;9;24;.;15;10
3;10;1;Denn;9;10
3;10;2;dr;10;10
3;10;3;Heinrich;5;10
3;10;4;Eggestein;5;10
3;10;5;hàt;8;10
3;10;6;meegligerwiis;1;10
3;10;7;z';7;10
3;10;8;Mainz;5;10
3;10;9;vum;7;10
3;10;10;Johann;5;10
3;10;11;Gutenberg;5;10
3;10;12;s;4;10
3;10;13;Büechdrucka;5;10
3;10;14;glehrt;6;10
3;10;15;.;15;10
3;11;1;Dr;10;10
3;11;2;Eggestein;4;10
3;11;3;hàt;8;10
3;11;4;schiint;1;10
3;11;5;'s;12;10
3;11;6;sina;10;10
3;11;7;eigena;1;10
3;11;8;Offizin;4;10
3;11;9;erscht;6;10
3;11;10;ìn;7;10
3;11;11;dr;10;10
3;11;12;Mìttla;5;10
3;11;13;vu;7;10
3;11;14;da;10;10
3;11;15;1460.;1;10
3;11;16;Johra;5;10
3;11;17;igrìchta;5;10
3;11;18;.;15;10
3;12;1;Wenn;14;10
3;12;2;dàs;12;10
3;12;3;stìmmt;6;10
3;12;4;war;8;10
3;12;5;àlso;2;10
3;12;6;dr;10;10
3;12;7;Johannes;5;10
3;12;8;Mentelin;5;10
3;12;9;noch;2;10
3;12;10;vor;7;10
3;12;11;em;10;10
3;12;12;Heinrich;5;10
3;12;13;Eggestein;5;10
3;12;14;dr;10;10
3;12;15;erscht;1;10
3;12;16;Büechdrucker;4;10
3;12;17;vu;7;10
3;12;18;Stroßburri;4;10
3;12;19;gsìì;8;10
3;12;20;.;15;10
3;13;1;Dr;10;10
3;13;2;erscht;1;10
3;13;3;Druck;4;10
3;13;4;wo;2;10
3;13;5;ma;12;10
3;13;6;vum;7;10
3;13;7;Nàma;4;10
3;13;8;Mentelin;4;10
3;13;9;erfàhrt;1;10
3;13;10;ìsch;8;10
3;13;11;„;1;10
3;13;12;Augustinus';4;10
3;13;13;Tractatus;4;10
3;13;14;de;5;10
3;13;15;arte;6;10
3;13;16;praedicandi;5;10
3;13;17;“;4;10
3;13;18;ìm;7;10
3;13;19;Johr;4;10
3;13;20;1465;11;10
3;13;21;.;15;10
3;14;1;Àwer;9;10
3;14;2;Johannes;5;10
3;14;3;Mentelin;5;10
3;14;4;hàt;8;10
3;14;5;wohrschins;5;10
3;14;6;scho;5;10
3;14;7;zìmlig;2;10
3;14;8;friajher;1;10
3;14;9;fànga-n-à;1;10
3;14;10;drucka;5;10
3;14;11;sogàr;5;10
3;14;12;scho;5;10
3;14;13;ànna;7;10
3;14;14;1458;11;10
3;14;15;.;15;10
3;15;1;Si;12;10
3;15;2;ältschta;1;10
3;15;3;bekànnta;4;10
3;15;4;Druckwark;4;10
3;15;5;ìsch;8;10
3;15;6;a;10;10
3;15;7;làtiinischa;5;10
3;15;8;Bibel;4;10
3;15;9;ìn;7;10
3;15;10;49;11;10
3;15;11;Ziila;4;10
3;15;12;(;15;10
3;15;13;„;1;10
3;15;14;B49;4;10
3;15;15;“;1;10
3;15;16;);15;10
3;15;17;dr;10;10
3;15;18;erscht;1;10
3;15;19;Bànd;5;10
3;15;20;ìsch;8;10
3;15;21;vum;7;10
3;15;22;Johr;4;10
3;15;23;1460;11;10
3;15;24;.;15;10
3;16;1;S;4;10
3;16;2;Gschaft;4;10
3;16;3;vum;7;10
3;16;4;Johannes;5;10
3;16;5;Mentelin;5;10
3;16;6;hàt;8;10
3;16;7;schnall;4;10
3;16;8;Erfolg;4;10
3;16;9;bikumma;5;10
3;16;10;ar;12;10
3;16;11;ìsch;8;10
3;16;12;a;10;10
3;16;13;riicher;1;10
3;16;14;Mànn;5;10
3;16;15;worra;5;10
3;16;16;.;15;10
3;17;1;Ànna;7;10
3;17;2;1466;11;10
3;17;3;hàt;8;10
3;17;4;'r;12;10
3;17;5;sìch;12;10
3;17;6;sogàr;5;10
3;17;7;a;10;10
3;17;8;Wàppa;5;10
3;17;9;loo;5;10
3;17;10;màcha;5;10
3;17;11;.;15;10
3;18;1;Noh;7;10
3;18;2;ebbena;5;10
3;18;3;20;11;10
3;18;4;Johr;4;10
3;18;5;Büechdruckarèi;4;10
3;18;6;ìsch;8;10
3;18;7;Mentelin;4;10
3;18;8;àm;7;10
3;18;9;12.;1;10
3;18;10;Dezamber;5;10
3;18;11;1478;11;10
3;18;12;z';7;10
3;18;13;Stroßburri;4;10
3;18;14;gstorwa;5;10
3;18;15;.;15;10
3;19;1;Ar;12;10
3;19;2;ìsch;8;10
3;19;3;uffem;1;10
3;19;4;Kirchhof;4;10
3;19;5;vu;7;10
3;19;6;dr;10;10
3;19;7;St.-Michaels-Kapelle;4;10
3;19;8;(;15;10
3;19;9;wo;2;10
3;19;10;'s;12;10
3;19;11;nìmm;1;10
3;19;12;gìtt;4;10
3;19;13;);15;10
3;19;14;vergràwa;6;10
3;19;15;.;15;10
3;20;1;Speeter;4;10
3;20;2;ìsch;8;10
3;20;3;sina;10;10
3;20;4;Laicha;5;10
3;20;5;ìn;7;10
3;20;6;dr;10;10
3;20;7;Stroßburger;4;10
3;20;8;Mìnschter;1;10
3;20;9;kumma;1;10
3;20;10;.;15;10
3;21;1;Sina;10;10
3;21;2;zwei;11;10
3;21;3;Tächter;4;10
3;21;4;han;8;10
3;21;5;d;10;10
3;21;6;Büechdrucker;4;10
3;21;7;Martin;5;10
3;21;8;Schott;5;10
3;21;9;un;9;10
3;21;10;Adolf;5;10
3;21;11;Rusch;6;10
3;21;12;ghirota;5;10
3;21;13;.;15;10
3;22;1;Dr;10;10
3;22;2;Letzterer;1;10
3;22;3;àui;1;10
3;22;4;„;1;10
3;22;5;Drucker;4;10
3;22;6;mìt;7;10
3;22;7;da;10;10
3;22;8;bizàrra;4;10
3;22;9;R;4;10
3;22;10;“;1;10
3;22;11;gnannt;1;10
3;22;12;hàt;8;10
3;22;13;d;10;10
3;22;14;Leitung;4;10
3;22;15;vu;7;10
3;22;16;dr;10;10
3;22;17;Offizin;4;10
3;22;18;ìwergnumma;5;10
3;22;19;.;15;10
3;23;1;Wark;4;10
3;23;2;Ar;12;10
3;23;3;hàt;8;10
3;23;4;meischtens;4;10
3;23;5;Biacher;4;10
3;23;6;ìwer;7;10
3;23;7;Theologie;4;10
3;23;8;un;9;10
3;23;9;Philosophie;4;10
3;23;10;uf;7;10
3;23;11;Làtiinisch;1;10
3;23;12;druckt;6;10
3;23;13;";";17;10
3;23;14;gstudiarta;5;10
3;23;15;Litt;5;10
3;23;16;hann;5;10
3;23;17;d;10;10
3;23;18;Quàlität;4;10
3;23;19;vu;7;10
3;23;20;da;10;10
3;23;21;Text;4;10
3;23;22;nohglüegt;6;10
3;23;23;un;9;10
3;23;24;han;8;10
3;23;25;sa;1;10
3;23;26;verbessert;6;10
3;23;27;vor;7;10
3;23;28;em;10;10
3;23;29;Drucka;4;10
3;23;30;.;15;10
3;24;1;Uf;7;10
3;24;2;Hochditsch;4;10
3;24;3;hàt;8;10
3;24;4;'r;12;10
3;24;5;Literàtur;4;10
3;24;6;vum;7;10
3;24;7;Mìttelàlter;4;10
3;24;8;druckt;6;10
3;24;9;wia;4;10
3;24;10;zum;7;10
3;24;11;Beispiel;4;10
3;24;12;„;1;10
3;24;13;Parzival;4;10
3;24;14;“;4;10
3;24;15;vum;7;10
3;24;16;Wolfram;4;10
3;24;17;von;7;10
3;24;18;Eschenbach;4;10
3;24;19;un;9;10
3;24;20;„;4;10
3;24;21;Titurel;5;10
3;24;22;“;4;10
3;24;23;vum;7;10
3;24;24;Albrecht;5;10
3;24;25;von;7;10
3;24;26;Scharfenberg;5;10
3;24;27;.;15;10
3;25;1;Ìm;7;10
3;25;2;Gsàmta;4;10
3;25;3;hàt;8;10
3;25;4;'r;12;10
3;25;5;ungfahr;1;10
3;25;6;40;11;10
3;25;7;Biacher;4;10
3;25;8;unter;7;10
3;25;9;Duck;5;10
3;25;10;gmàcht;6;10
3;25;11;.;15;10
3;26;1;Bsundersch;5;10
3;26;2;ìntressànt;5;10
3;26;3;ìsch;8;10
3;26;4;ànna;7;10
3;26;5;1466;11;10
3;26;6;si;12;10
3;26;7;Druck;4;10
3;26;8;vu;7;10
3;26;9;dr;10;10
3;26;10;„;1;10
3;26;11;Mentelin-Bibel;4;10
3;26;12;“;1;10
3;26;13;ìn;7;10
3;26;14;Hochditsch;4;10
3;26;15;àlso;5;10
3;26;16;ìn'ra;5;10
3;26;17;Volkssproch;4;10
3;26;18;.;15;10
3;27;1;Dia;10;10
3;27;2;Bibel;4;10
3;27;3;ìsch;8;10
3;27;4;drittzeh;1;10
3;27;5;Mol;4;10
3;27;6;wìdder;4;10
3;27;7;druckt;6;10
3;27;8;worra;5;10
3;27;9;vu;7;10
3;27;10;verschìedena;5;10
3;27;11;Drucker;4;10
3;27;12;ìm;7;10
3;27;13;südditscha;1;10
3;27;14;Sprochrüüm;4;10
3;27;15;bis;7;10
3;27;16;d;10;10
3;27;17;Veräffentligung;4;10
3;27;18;vu;7;10
3;27;19;dr;10;10
3;27;20;Luther-Bibel;4;10
3;27;21;.;15;10
4;1;1;Brüchsch;5;10
4;1;2;kenn;10;10
4;1;3;Angscht;4;10
4;1;4;ze;13;10
4;1;5;han;8;10
4;1;6;for;7;10
4;1;7;mich;12;10
4;1;8;0;15;10
4;1;9;papa;17;10
4;1;10;.;15;10
4;2;1;Ich;12;10
4;2;2;hab;8;10
4;2;3;eini;10;10
4;2;4;im;7;10
4;2;5;Au;4;10
4;2;6;0;15;10
4;2;7;wie;2;10
4;2;8;sowohl;9;10
4;2;9;vum;7;10
4;2;10;wisseschaftliche;1;10
4;2;11;0;15;10
4;2;12;als;7;10
4;2;13;au;17;10
4;2;14;vum;7;10
4;2;15;praktische;1;10
4;2;16;unn;9;10
4;2;17;vum;7;10
4;2;18;menschliche;1;10
4;2;19;Standpunkt;4;10
4;2;20;üs;7;10
4;2;21;mine-n-;10;10
4;2;22;Anforderunge;4;10
4;2;23;entschpricht;6;10
4;2;24;.;15;10
4;3;1;Unn;9;10
4;3;2;ich;12;10
4;3;3;hab;8;10
4;3;4;hytt;1;10
4;3;5;de-n-;10;10
4;3;6;Entschluss;4;10
4;3;7;gfasst;6;10
4;3;8;0;15;10
4;3;9;nur;2;10
4;3;10;die;10;10
4;3;11;Frau;4;10
4;3;12;ze;13;10
4;3;13;hierothe;6;10
4;3;14;0;15;10
4;3;15;wie;2;10
4;3;16;mir;12;10
4;3;17;passt;6;10
4;3;18;.;15;10
4;4;1;Bravo;5;10
4;4;2;0;15;10
4;4;3;Auguste;4;10
4;4;4;0;15;10
4;4;5;ganz;2;10
4;4;6;vun;7;10
4;4;7;minere;10;10
4;4;8;Meinung;4;10
4;4;9;!;15;10
4;5;1;Dini;10;10
4;5;2;Aprobation;4;10
4;5;3;brücht;6;10
4;5;4;'r;12;10
4;5;5;allewäj;2;10
4;5;6;!;15;10
4;6;1;Ich;12;10
4;6;2;mach;6;10
4;6;3;'s;12;10
4;6;4;également;6;10
4;6;5;eso;5;10
4;6;6;.;15;10
4;7;1;Bravo;5;10
4;7;2;!;15;10
4;8;1;Alls;5;10
4;8;2;besser;1;10
4;8;3;!;15;10
4;9;1;Eh;2;10
4;9;2;bien;6;10
4;9;3;0;15;10
4;9;4;ich;12;10
4;9;5;garantier;1;10
4;9;6;Ejch;4;10
4;9;7;0;15;10
4;9;8;dass;14;10
4;9;9;Ihr;10;10
4;9;10;mine;10;10
4;9;11;Wille;4;10
4;9;12;reschpektiere;6;10
4;9;13;wäre;8;10
4;9;14;!;15;10
4;10;1;Du;12;10
4;10;2;0;15;10
4;10;3;Auguste;4;10
4;10;4;0;15;10
4;10;5;hierotsch;12;10
4;10;6;d';10;10
4;10;7;mademoiselle;1;10
4;10;8;Riemer;5;10
4;10;9;.;15;10
4;11;1;Papa;4;10
4;11;2;niemols;2;10
4;11;3;!;15;10
4;12;1;Unn;9;10
4;12;2;wenn;14;10
4;12;3;du;12;10
4;12;4;bis;7;10
4;12;5;an;7;10
4;12;6;de;5;10
4;12;7;plafond;1;10
4;12;8;springsch;1;10
4;12;9;!;15;10
4;13;1;Fallt;6;10
4;13;2;m'r;12;10
4;13;3;nit;13;10
4;13;4;in;7;10
4;13;5;so;2;10
4;13;6;hoch;1;10
4;13;7;ze;13;10
4;13;8;springe;6;10
4;13;9;!;15;10
4;14;1;Geh;6;10
4;14;2;e;10;10
4;14;3;Gottsnamme;4;10
4;14;4;im;7;10
4;14;5;Deifel;5;10
4;14;6;zue;7;10
4;14;7;0;15;10
4;14;8;no;17;10
4;14;9;rennsch;17;10
4;14;10;au;17;10
4;14;11;kein;10;10
4;14;12;Heiliger;4;10
4;14;13;um;7;10
4;14;14;!;15;10
4;15;1;Awwer;9;10
4;15;2;0;15;10
4;15;3;papa;17;10
4;15;4;!;15;10
4;16;1;Toi;5;10
4;16;2;0;15;10
4;16;3;tais-toi;6;10
4;16;4;!;15;10
4;17;1;Unn;9;10
4;17;2;du;12;10
4;17;3;hierothsch;12;10
4;17;4;de;5;10
4;17;5;Baron;5;10
4;17;6;de;5;10
4;17;7;Rose;5;10
4;17;8;0;15;10
4;17;9;wie;2;10
4;17;10;am;7;10
4;17;11;Sundaa;4;10
4;17;12;uff;7;10
4;17;13;Visit;4;10
4;17;14;kummt;6;10
4;17;15;.;15;10
4;18;1;Niemols;5;10
4;18;2;0;15;10
4;18;3;Babbe;5;10
4;18;4;!;15;10
4;19;1;Niemols;5;10
4;19;2;!;15;10
4;20;1;So;2;10
4;20;2;?;15;10
4;21;1;Eh;2;10
4;21;2;bien;6;10
4;21;3;0;15;10
4;21;4;ich;12;10
4;21;5;will;8;10
4;21;6;sehn;6;10
4;21;7;0;15;10
4;21;8;wer;12;10
4;21;9;Herr;4;10
4;21;10;im;7;10
4;21;11;Hüs;4;10
4;21;12;isch;8;10
4;21;13;0;15;10
4;21;14;ich;12;10
4;21;15;odder;9;10
4;21;16;Ihr;10;10
4;21;17;!;15;10
4;22;1;O;5;10
4;22;2;0;15;10
4;22;3;wie;2;10
4;22;4;bin;8;10
4;22;5;ich;12;10
4;22;6;unglüecklich;1;10
4;22;7;!;15;10
4;23;1;Charles;5;10
4;23;2;0;15;10
4;23;3;wenn;14;10
4;23;4;du;12;10
4;23;5;wüescht;6;10
4;23;6;0;15;10
4;23;7;wie;2;10
4;23;8;ich;12;10
4;23;9;dich;12;10
4;23;10;gern;2;10
4;23;11;hab;8;10
4;23;12;!;15;10
4;24;1;Lisa;5;10
4;24;2;!;15;10
4;25;1;Charles;5;10
4;25;2;0;15;10
4;25;3;ich;12;10
4;25;4;hab;8;10
4;25;5;dich;12;10
4;25;6;gar;2;10
4;25;7;nit;13;10
4;25;8;erüs;1;10
4;25;9;höre;6;10
4;25;10;kumme;6;10
4;25;11;.;15;10
4;26;1;Du;12;10
4;26;2;hesch;8;10
4;26;3;doch;2;10
4;26;4;nit;13;10
4;26;5;ghört;6;10
4;26;6;0;15;10
4;26;7;was;12;10
4;26;8;ich;12;10
4;26;9;ewe;10;10
4;26;10;do;17;10
4;26;11;for;7;10
4;26;12;mich;12;10
4;26;13;gsaat;6;10
4;26;14;hab;8;10
4;26;15;?;15;10
4;1;1;Brüchsch;4;10
4;1;2;kenn;10;10
4;1;3;Angscht;4;10
4;1;4;ze;13;10
4;1;5;han;8;10
4;1;6;for;7;10
4;1;7;mich;12;10
4;1;8;0;15;10
4;1;9;papa;4;10
4;1;10;.;15;10
4;2;1;Ich;12;10
4;2;2;hab;8;10
4;2;3;eini;10;10
4;2;4;im;7;10
4;2;5;Au;5;10
4;2;6;0;15;10
4;2;7;wie;14;10
4;2;8;sowohl;9;10
4;2;9;vum;7;10
4;2;10;wisseschaftliche;1;10
4;2;11;0;15;10
4;2;12;als;14;10
4;2;13;au;3;10
4;2;14;vum;7;10
4;2;15;praktische;1;10
4;2;16;unn;9;10
4;2;17;vum;7;10
4;2;18;menschliche;1;10
4;2;19;Standpunkt;4;10
4;2;20;üs;7;10
4;2;21;mine-n-;10;10
4;2;22;Anforderunge;4;10
4;2;23;entschpricht;6;10
4;2;24;.;15;10
4;3;1;Unn;9;10
4;3;2;ich;12;10
4;3;3;hab;8;10
4;3;4;hytt;1;10
4;3;5;de-n-;10;10
4;3;6;Entschluss;4;10
4;3;7;gfasst;6;10
4;3;8;0;15;10
4;3;9;nur;2;10
4;3;10;die;10;10
4;3;11;Frau;4;10
4;3;12;ze;7;10
4;3;13;hierothe;5;10
4;3;14;0;15;10
4;3;15;wie;14;10
4;3;16;mir;12;10
4;3;17;passt;6;10
4;3;18;.;15;10
4;4;1;Bravo;4;10
4;4;2;0;15;10
4;4;3;Auguste;5;10
4;4;4;0;15;10
4;4;5;ganz;2;10
4;4;6;vun;7;10
4;4;7;minere;10;10
4;4;8;Meinung;4;10
4;4;9;!;15;10
4;5;1;Dini;10;10
4;5;2;Aprobation;4;10
4;5;3;brücht;4;10
4;5;4;'r;12;10
4;5;5;allewäj;2;10
4;5;6;!;15;10
4;6;1;Ich;12;10
4;6;2;mach;6;10
4;6;3;'s;12;10
4;6;4;également;4;10
4;6;5;eso;1;10
4;6;6;.;15;10
4;7;1;Bravo;4;10
4;7;2;!;15;10
4;8;1;Alls;4;10
4;8;2;besser;1;10
4;8;3;!;15;10
4;9;1;Eh;2;10
4;9;2;bien;1;10
4;9;3;0;15;10
4;9;4;ich;12;10
4;9;5;garantier;4;10
4;9;6;Ejch;6;10
4;9;7;0;15;10
4;9;8;dass;14;10
4;9;9;Ihr;12;10
4;9;10;mine;10;10
4;9;11;Wille;4;10
4;9;12;reschpektiere;4;10
4;9;13;wäre;8;10
4;9;14;!;15;10
4;10;1;Du;12;10
4;10;2;0;15;10
4;10;3;Auguste;5;10
4;10;4;0;15;10
4;10;5;hierotsch;1;10
4;10;6;d';10;10
4;10;7;mademoiselle;1;10
4;10;8;Riemer;4;10
4;10;9;.;15;10
4;11;1;Papa;4;10
4;11;2;niemols;4;10
4;11;3;!;15;10
4;12;1;Unn;9;10
4;12;2;wenn;14;10
4;12;3;du;12;10
4;12;4;bis;7;10
4;12;5;an;7;10
4;12;6;de;5;10
4;12;7;plafond;4;10
4;12;8;springsch;6;10
4;12;9;!;15;10
4;13;1;Fallt;6;10
4;13;2;m'r;12;10
4;13;3;nit;13;10
4;13;4;in;7;10
4;13;5;so;2;10
4;13;6;hoch;1;10
4;13;7;ze;7;10
4;13;8;springe;6;10
4;13;9;!;15;10
4;14;1;Geh;6;10
4;14;2;e;6;10
4;14;3;Gottsnamme;4;10
4;14;4;im;7;10
4;14;5;Deifel;4;10
4;14;6;zue;7;10
4;14;7;0;15;10
4;14;8;no;1;10
4;14;9;rennsch;4;10
4;14;10;au;3;10
4;14;11;kein;10;10
4;14;12;Heiliger;4;10
4;14;13;um;7;10
4;14;14;!;15;10
4;15;1;Awwer;2;10
4;15;2;0;15;10
4;15;3;papa;4;10
4;15;4;!;15;10
4;16;1;Toi;4;10
4;16;2;0;15;10
4;16;3;tais-toi;6;10
4;16;4;!;15;10
4;17;1;Unn;9;10
4;17;2;du;12;10
4;17;3;hierothsch;1;10
4;17;4;de;5;10
4;17;5;Baron;4;10
4;17;6;de;5;10
4;17;7;Rose;5;10
4;17;8;0;15;10
4;17;9;wie;9;10
4;17;10;am;7;10
4;17;11;Sundaa;5;10
4;17;12;uff;7;10
4;17;13;Visit;4;10
4;17;14;kummt;1;10
4;17;15;.;15;10
4;18;1;Niemols;4;10
4;18;2;0;15;10
4;18;3;Babbe;4;10
4;18;4;!;15;10
4;19;1;Niemols;4;10
4;19;2;!;15;10
4;20;1;So;2;10
4;20;2;?;15;10
4;21;1;Eh;2;10
4;21;2;bien;1;10
4;21;3;0;15;10
4;21;4;ich;12;10
4;21;5;will;8;10
4;21;6;sehn;6;10
4;21;7;0;15;10
4;21;8;wer;12;10
4;21;9;Herr;4;10
4;21;10;im;7;10
4;21;11;Hüs;5;10
4;21;12;isch;8;10
4;21;13;0;15;10
4;21;14;ich;12;10
4;21;15;odder;9;10
4;21;16;Ihr;10;10
4;21;17;!;15;10
4;22;1;O;4;10
4;22;2;0;15;10
4;22;3;wie;14;10
4;22;4;bin;8;10
4;22;5;ich;12;10
4;22;6;unglüecklich;1;10
4;22;7;!;15;10
4;23;1;Charles;5;10
4;23;2;0;15;10
4;23;3;wenn;14;10
4;23;4;du;12;10
4;23;5;wüescht;6;10
4;23;6;0;15;10
4;23;7;wie;14;10
4;23;8;ich;12;10
4;23;9;dich;12;10
4;23;10;gern;2;10
4;23;11;hab;8;10
4;23;12;!;15;10
4;24;1;Lisa;5;10
4;24;2;!;15;10
4;25;1;Charles;5;10
4;25;2;0;15;10
4;25;3;ich;12;10
4;25;4;hab;8;10
4;25;5;dich;12;10
4;25;6;gar;2;10
4;25;7;nit;13;10
4;25;8;erüs;5;10
4;25;9;höre;6;10
4;25;10;kumme;1;10
4;25;11;.;15;10
4;26;1;Du;12;10
4;26;2;hesch;8;10
4;26;3;doch;2;10
4;26;4;nit;13;10
4;26;5;ghört;1;10
4;26;6;0;15;10
4;26;7;was;12;10
4;26;8;ich;12;10
4;26;9;ewe;1;10
4;26;10;do;4;10
4;26;11;for;7;10
4;26;12;mich;12;10
4;26;13;gsaat;4;10
4;26;14;hab;8;10
4;26;15;?;15;10